Workbook
Name _xlcn.WorksheetConnection_ContasareceberGeral2026CAMPINAS.xlsxTabela11: Tabela1
Name _xlcn.WorksheetConnection_JAN26A2G771: 'JAN-26'!$A$2:$G$77
Name SegmentaçãodeDados_CLIENTE1: #REF!
Name SegmentaçãodeDados_DIAS1: #REF!
Name SegmentaçãodeDados_EMISSÃO: #REF!
Name SegmentaçãodeDados_FATURAMENTO: #REF!
Name SegmentaçãodeDados_MÊS_FAT: #REF!
Name SegmentaçãodeDados_MÊS_PREV.: #REF!
Name SegmentaçãodeDados_MÊS_RECEB: #REF!
Name SegmentaçãodeDados_NFE1: #REF!
Name SegmentaçãodeDados_Recebido_em: #REF!
Name SegmentaçãodeDados_STATUS1: #REF!
Name SegmentaçãodeDados_V._Recebido: #REF!
Name SegmentaçãodeDados_VALOR1: #REF!
Name SegmentaçãodeDados_Vencimento: #REF!
Name SegmentaçãodeDados_VENCIMENTO2: #REF!

Sheet JAN-26
A2: EMISSÃO | B2: Vencimento | C2: Recebido em | D2: NF | E2: CLIENTE | F2: Valor a Receber | G2: Valor Recebido | I2: Tipo de Pgto | J2: Observação
G53: =IF(OR(C53 = "",C53="PENDENTE"), 0, IF(OR(C53<=B53,H53=1),F53,(F53*0.1966/100)*(C53-B53)+F53)) -> 0
G54: =IF(OR(C54 = "",C54="PENDENTE"), 0, IF(OR(C54<=B54,H54=1),F54,(F54*0.1966/100)*(C54-B54)+F54)) -> 0
G55: =IF(OR(C55 = "",C55="PENDENTE"), 0, IF(OR(C55<=B55,H55=1),F55,(F55*0.1966/100)*(C55-B55)+F55)) -> 0
G56: =IF(OR(C56 = "",C56="PENDENTE"), 0, IF(OR(C56<=B56,H56=1),F56,(F56*0.1966/100)*(C56-B56)+F56)) -> 0
G57: =IF(OR(C57 = "",C57="PENDENTE"), 0, IF(OR(C57<=B57,H57=1),F57,(F57*0.1966/100)*(C57-B57)+F57)) -> 0
G58: =IF(OR(C58 = "",C58="PENDENTE"), 0, IF(OR(C58<=B58,H58=1),F58,(F58*0.1966/100)*(C58-B58)+F58)) -> 0
G59: =IF(OR(C59 = "",C59="PENDENTE"), 0, IF(OR(C59<=B59,H59=1),F59,(F59*0.1966/100)*(C59-B59)+F59)) -> 0
G60: =IF(OR(C60 = "",C60="PENDENTE"), 0, IF(OR(C60<=B60,H60=1),F60,(F60*0.1966/100)*(C60-B60)+F60)) -> 0
G61: =IF(OR(C61 = "",C61="PENDENTE"), 0, IF(OR(C61<=B61,H61=1),F61,(F61*0.1966/100)*(C61-B61)+F61)) -> 0
G62: =IF(OR(C62 = "",C62="PENDENTE"), 0, IF(OR(C62<=B62,H62=1),F62,(F62*0.1966/100)*(C62-B62)+F62)) -> 0
G63: =IF(OR(C63 = "",C63="PENDENTE"), 0, IF(OR(C63<=B63,H63=1),F63,(F63*0.1966/100)*(C63-B63)+F63)) -> 0
G64: =IF(OR(C64 = "",C64="PENDENTE"), 0, IF(OR(C64<=B64,H64=1),F64,(F64*0.1966/100)*(C64-B64)+F64)) -> 0
... G76: =IF(OR(C76 = "",C76="PENDENTE"), 0, IF(OR(C76<=B76,H76=1),F76,(F76*0.1966/100)*(C76-B76)+F76)) -> 0
F77: =SUM(F3:F76) -> 0 | G77: =SUM(G3:G76) -> 0

Sheet FEV-26
A2: EMISSÃO | B2: Vencimento | C2: Recebido em | D2: NF | E2: CLIENTE | F2: Valor a Receber | G2: Valor Recebido | I2: Tipo de Pgto | J2: Observação
A53: 46079 | B53: 46080 | C53: 46077 | D53: 23685 | E53: I&M PAPEIS E EMBALAGENS LTDA | F53: 3981.74 | G53: =IF(OR(C53 = "",C53="PENDENTE"), 0, IF(OR(C53<=B53,H53=1),F53,(F53*0.1966/100)*(C53-B53)+F53)) -> 3981.74 | I53: DEP C/C
A54: 46079 | B54: 46107 | C54: 46106 | D54: 23686 | E54: UNIFRAX BRASIL LTDA | F54: 6208 | G54: =IF(OR(C54 = "",C54="PENDENTE"), 0, IF(OR(C54<=B54,H54=1),F54,(F54*0.1966/100)*(C54-B54)+F54)) -> 6208 | I54: BOLETO
A55: 46079 | B55: 46107 | C55: 46104 | D55: 23687 | E55: METALBAST EQUIPAMENTOS E MAQUINAS LTDA | F55: 1288 | G55: =IF(OR(C55 = "",C55="PENDENTE"), 0, IF(OR(C55<=B55,H55=1),F55,(F55*0.1966/100)*(C55-B55)+F55)) -> 1288 | I55: BOLETO
G56: =IF(OR(C56 = "",C56="PENDENTE"), 0, IF(OR(C56<=B56,H56=1),F56,(F56*0.1966/100)*(C56-B56)+F56)) -> 0
G57: =IF(OR(C57 = "",C57="PENDENTE"), 0, IF(OR(C57<=B57,H57=1),F57,(F57*0.1966/100)*(C57-B57)+F57)) -> 0
G58: =IF(OR(C58 = "",C58="PENDENTE"), 0, IF(OR(C58<=B58,H58=1),F58,(F58*0.1966/100)*(C58-B58)+F58)) -> 0
G59: =IF(OR(C59 = "",C59="PENDENTE"), 0, IF(OR(C59<=B59,H59=1),F59,(F59*0.1966/100)*(C59-B59)+F59)) -> 0
G60: =IF(OR(C60 = "",C60="PENDENTE"), 0, IF(OR(C60<=B60,H60=1),F60,(F60*0.1966/100)*(C60-B60)+F60)) -> 0
G61: =IF(OR(C61 = "",C61="PENDENTE"), 0, IF(OR(C61<=B61,H61=1),F61,(F61*0.1966/100)*(C61-B61)+F61)) -> 0
G62: =IF(OR(C62 = "",C62="PENDENTE"), 0, IF(OR(C62<=B62,H62=1),F62,(F62*0.1966/100)*(C62-B62)+F62)) -> 0
G63: =IF(OR(C63 = "",C63="PENDENTE"), 0, IF(OR(C63<=B63,H63=1),F63,(F63*0.1966/100)*(C63-B63)+F63)) -> 0
G64: =IF(OR(C64 = "",C64="PENDENTE"), 0, IF(OR(C64<=B64,H64=1),F64,(F64*0.1966/100)*(C64-B64)+F64)) -> 0
G65: =IF(OR(C65 = "",C65="PENDENTE"), 0, IF(OR(C65<=B65,H65=1),F65,(F65*0.1966/100)*(C65-B65)+F65)) -> 0
G66: =IF(OR(C66 = "",C66="PENDENTE"), 0, IF(OR(C66<=B66,H66=1),F66,(F66*0.1966/100)*(C66-B66)+F66)) -> 0
G67: =IF(OR(C67 = "",C67="PENDENTE"), 0, IF(OR(C67<=B67,H67=1),F67,(F67*0.1966/100)*(C67-B67)+F67)) -> 0
... G76: =IF(OR(C76 = "",C76="PENDENTE"), 0, IF(OR(C76<=B76,H76=1),F76,(F76*0.1966/100)*(C76-B76)+F76)) -> 0
F77: =SUM(F3:F76) -> 11477.74 | G77: =SUM(G3:G76) -> 11477.74

Sheet MAR-26
A2: EMISSÃO | B2: Vencimento | C2: Recebido em | D2: NF | E2: CLIENTE | F2: Valor a Receber | G2: Valor Recebido | I2: Tipo de Pgto | J2: Observação
A53: 46105 | B53: 46161 | C53: PENDENTE | D53: 23732 2 / 2 | E53: MERCANTIL UNIAO COM. DE MAT. P/ MAN. INDUSTRIAL LTDA | F53: 4087.5 | G53: =IF(OR(C53 = "",C53="PENDENTE"), 0, IF(OR(C53<=B53,H53=1),F53,(F53*0.1966/100)*(C53-B53)+F53)) -> 0 | I53: BOLETO
A54: 46106 | B54: 46134 | C54: 46134 | D54: 23733 | E54: ROCA SANITARIOS BRASIL LTDA | F54: 3149 | G54: =IF(OR(C54 = "",C54="PENDENTE"), 0, IF(OR(C54<=B54,H54=1),F54,(F54*0.1966/100)*(C54-B54)+F54)) -> 3149 | I54: DEP C/C
A55: 46106 | B55: 46134 | C55: 46134 | D55: 23734 | E55: NORTEL SUPRIMENTOS INDUSTRIAIS S/A | F55: 1258 | G55: =IF(OR(C55 = "",C55="PENDENTE"), 0, IF(OR(C55<=B55,H55=1),F55,(F55*0.1966/100)*(C55-B55)+F55)) -> 1258 | I55: DEP C/C
A56: 46107 | B56: 46142 | C56: PENDENTE | D56: 23735 | E56: RICLAN S/A | F56: 1476.11 | G56: =IF(OR(C56 = "",C56="PENDENTE"), 0, IF(OR(C56<=B56,H56=1),F56,(F56*0.1966/100)*(C56-B56)+F56)) -> 0 | I56: BOLETO
A57: 46107 | B57: 46149 | C57: PENDENTE | D57: 23736 | E57: MEXICHEM BRASIL IND. DE TRANSF. PLAST. LTDA | F57: 3076 | G57: =IF(OR(C57 = "",C57="PENDENTE"), 0, IF(OR(C57<=B57,H57=1),F57,(F57*0.1966/100)*(C57-B57)+F57)) -> 0 | I57: BOLETO
A58: 46107 | B58: 46142 | C58: PENDENTE | D58: 23737 | E58: RICLAN S/A | F58: 1118 | G58: =IF(OR(C58 = "",C58="PENDENTE"), 0, IF(OR(C58<=B58,H58=1),F58,(F58*0.1966/100)*(C58-B58)+F58)) -> 0 | I58: BOLETO
A59: 46107 | B59: 46167 | C59: PENDENTE | D59: 23738 | E59: MAHLE METAL LEVA S/A | F59: 942 | G59: =IF(OR(C59 = "",C59="PENDENTE"), 0, IF(OR(C59<=B59,H59=1),F59,(F59*0.1966/100)*(C59-B59)+F59)) -> 0 | I59: DEP C/C
A60: 46107 | B60: 46167 | C60: PENDENTE | D60: 23739 | E60: COOPER STANDARD AUTOMOTIVE BRASIL SEALING LTDA | F60: 1832.2 | G60: =IF(OR(C60 = "",C60="PENDENTE"), 0, IF(OR(C60<=B60,H60=1),F60,(F60*0.1966/100)*(C60-B60)+F60)) -> 0 | I60: DEP C/C
A61: 46111 | B61: 46139 | C61: PENDENTE | D61: 23740 | E61: ENERMAX ENGENHARIA COMERCIO E SERVICOS LTDA | F61: 2754 | G61: =IF(OR(C61 = "",C61="PENDENTE"), 0, IF(OR(C61<=B61,H61=1),F61,(F61*0.1966/100)*(C61-B61)+F61)) -> 0 | I61: BOLETO
A62: 46111 | B62: 46139 | C62: 46134 | D62: 23741 | E62: NOVA ADITIVOS BRASIL LTDA | F62: 4642 | G62: =IF(OR(C62 = "",C62="PENDENTE"), 0, IF(OR(C62<=B62,H62=1),F62,(F62*0.1966/100)*(C62-B62)+F62)) -> 4642 | I62: DEP C/C
A63: 46111 | B63: 46139 | C63: PENDENTE | D63: 23742 | E63: MERCANTIL UNIAO COM. DE MAT. P/ MAN. INDUSTRIAL LTDA | F63: 1333 | G63: =IF(OR(C63 = "",C63="PENDENTE"), 0, IF(OR(C63<=B63,H63=1),F63,(F63*0.1966/100)*(C63-B63)+F63)) -> 0 | I63: BOLETO
G64: =IF(OR(C64 = "",C64="PENDENTE"), 0, IF(OR(C64<=B64,H64=1),F64,(F64*0.1966/100)*(C64-B64)+F64)) -> 0
G65: =IF(OR(C65 = "",C65="PENDENTE"), 0, IF(OR(C65<=B65,H65=1),F65,(F65*0.1966/100)*(C65-B65)+F65)) -> 0
G66: =IF(OR(C66 = "",C66="PENDENTE"), 0, IF(OR(C66<=B66,H66=1),F66,(F66*0.1966/100)*(C66-B66)+F66)) -> 0
G67: =IF(OR(C67 = "",C67="PENDENTE"), 0, IF(OR(C67<=B67,H67=1),F67,(F67*0.1966/100)*(C67-B67)+F67)) -> 0
G68: =IF(OR(C68 = "",C68="PENDENTE"), 0, IF(OR(C68<=B68,H68=1),F68,(F68*0.1966/100)*(C68-B68)+F68)) -> 0
G69: =IF(OR(C69 = "",C69="PENDENTE"), 0, IF(OR(C69<=B69,H69=1),F69,(F69*0.1966/100)*(C69-B69)+F69)) -> 0
G70: =IF(OR(C70 = "",C70="PENDENTE"), 0, IF(OR(C70<=B70,H70=1),F70,(F70*0.1966/100)*(C70-B70)+F70)) -> 0
G71: =IF(OR(C71 = "",C71="PENDENTE"), 0, IF(OR(C71<=B71,H71=1),F71,(F71*0.1966/100)*(C71-B71)+F71)) -> 0
G72: =IF(OR(C72 = "",C72="PENDENTE"), 0, IF(OR(C72<=B72,H72=1),F72,(F72*0.1966/100)*(C72-B72)+F72)) -> 0
G73: =IF(OR(C73 = "",C73="PENDENTE"), 0, IF(OR(C73<=B73,H73=1),F73,(F73*0.1966/100)*(C73-B73)+F73)) -> 0
G74: =IF(OR(C74 = "",C74="PENDENTE"), 0, IF(OR(C74<=B74,H74=1),F74,(F74*0.1966/100)*(C74-B74)+F74)) -> 0
G75: =IF(OR(C75 = "",C75="PENDENTE"), 0, IF(OR(C75<=B75,H75=1),F75,(F75*0.1966/100)*(C75-B75)+F75)) -> 0
G76: =IF(OR(C76 = "",C76="PENDENTE"), 0, IF(OR(C76<=B76,H76=1),F76,(F76*0.1966/100)*(C76-B76)+F76)) -> 0
F77: =SUM(F3:F76) -> 25667.81 | G77: =SUM(G3:G76) -> 9049

Sheet ABR-26
A2: EMISSÃO | B2: Vencimento | C2: Recebido em | D2: NF | E2: CLIENTE | F2: Valor a Receber | G2: Valor Recebido | I2: Tipo de Pgto | J2: Observação
G53: =IF(OR(C53 = "",C53="PENDENTE"), 0, IF(OR(C53<=B53,H53=1),F53,(F53*0.1966/100)*(C53-B53)+F53)) -> 0
G54: =IF(OR(C54 = "",C54="PENDENTE"), 0, IF(OR(C54<=B54,H54=1),F54,(F54*0.1966/100)*(C54-B54)+F54)) -> 0
G55: =IF(OR(C55 = "",C55="PENDENTE"), 0, IF(OR(C55<=B55,H55=1),F55,(F55*0.1966/100)*(C55-B55)+F55)) -> 0
G56: =IF(OR(C56 = "",C56="PENDENTE"), 0, IF(OR(C56<=B56,H56=1),F56,(F56*0.1966/100)*(C56-B56)+F56)) -> 0
G57: =IF(OR(C57 = "",C57="PENDENTE"), 0, IF(OR(C57<=B57,H57=1),F57,(F57*0.1966/100)*(C57-B57)+F57)) -> 0
G58: =IF(OR(C58 = "",C58="PENDENTE"), 0, IF(OR(C58<=B58,H58=1),F58,(F58*0.1966/100)*(C58-B58)+F58)) -> 0
G59: =IF(OR(C59 = "",C59="PENDENTE"), 0, IF(OR(C59<=B59,H59=1),F59,(F59*0.1966/100)*(C59-B59)+F59)) -> 0
G60: =IF(OR(C60 = "",C60="PENDENTE"), 0, IF(OR(C60<=B60,H60=1),F60,(F60*0.1966/100)*(C60-B60)+F60)) -> 0
G61: =IF(OR(C61 = "",C61="PENDENTE"), 0, IF(OR(C61<=B61,H61=1),F61,(F61*0.1966/100)*(C61-B61)+F61)) -> 0
G62: =IF(OR(C62 = "",C62="PENDENTE"), 0, IF(OR(C62<=B62,H62=1),F62,(F62*0.1966/100)*(C62-B62)+F62)) -> 0
G63: =IF(OR(C63 = "",C63="PENDENTE"), 0, IF(OR(C63<=B63,H63=1),F63,(F63*0.1966/100)*(C63-B63)+F63)) -> 0
G64: =IF(OR(C64 = "",C64="PENDENTE"), 0, IF(OR(C64<=B64,H64=1),F64,(F64*0.1966/100)*(C64-B64)+F64)) -> 0
... G76: =IF(OR(C76 = "",C76="PENDENTE"), 0, IF(OR(C76<=B76,H76=1),F76,(F76*0.1966/100)*(C76-B76)+F76)) -> 0
F77: =SUM(F3:F76) -> 0 | G77: =SUM(G3:G76) -> 0

Sheet MAI-26
A2: EMISSÃO | B2: Vencimento | C2: Recebido em | D2: NF | E2: CLIENTE | F2: Valor a Receber | G2: Valor Recebido | I2: Tipo de Pgto | J2: Observação
G53: =IF(OR(C53 = "",C53="PENDENTE"), 0, IF(OR(C53<=B53,H53=1),F53,(F53*0.1966/100)*(C53-B53)+F53)) -> 0
G54: =IF(OR(C54 = "",C54="PENDENTE"), 0, IF(OR(C54<=B54,H54=1),F54,(F54*0.1966/100)*(C54-B54)+F54)) -> 0
G55: =IF(OR(C55 = "",C55="PENDENTE"), 0, IF(OR(C55<=B55,H55=1),F55,(F55*0.1966/100)*(C55-B55)+F55)) -> 0
G56: =IF(OR(C56 = "",C56="PENDENTE"), 0, IF(OR(C56<=B56,H56=1),F56,(F56*0.1966/100)*(C56-B56)+F56)) -> 0
G57: =IF(OR(C57 = "",C57="PENDENTE"), 0, IF(OR(C57<=B57,H57=1),F57,(F57*0.1966/100)*(C57-B57)+F57)) -> 0
G58: =IF(OR(C58 = "",C58="PENDENTE"), 0, IF(OR(C58<=B58,H58=1),F58,(F58*0.1966/100)*(C58-B58)+F58)) -> 0
G59: =IF(OR(C59 = "",C59="PENDENTE"), 0, IF(OR(C59<=B59,H59=1),F59,(F59*0.1966/100)*(C59-B59)+F59)) -> 0
G60: =IF(OR(C60 = "",C60="PENDENTE"), 0, IF(OR(C60<=B60,H60=1),F60,(F60*0.1966/100)*(C60-B60)+F60)) -> 0
G61: =IF(OR(C61 = "",C61="PENDENTE"), 0, IF(OR(C61<=B61,H61=1),F61,(F61*0.1966/100)*(C61-B61)+F61)) -> 0
G62: =IF(OR(C62 = "",C62="PENDENTE"), 0, IF(OR(C62<=B62,H62=1),F62,(F62*0.1966/100)*(C62-B62)+F62)) -> 0
G63: =IF(OR(C63 = "",C63="PENDENTE"), 0, IF(OR(C63<=B63,H63=1),F63,(F63*0.1966/100)*(C63-B63)+F63)) -> 0
G64: =IF(OR(C64 = "",C64="PENDENTE"), 0, IF(OR(C64<=B64,H64=1),F64,(F64*0.1966/100)*(C64-B64)+F64)) -> 0
... G76: =IF(OR(C76 = "",C76="PENDENTE"), 0, IF(OR(C76<=B76,H76=1),F76,(F76*0.1966/100)*(C76-B76)+F76)) -> 0
F77: =SUM(F3:F76) -> 0 | G77: =SUM(G3:G76) -> 0

Sheet JUN-26
A2: EMISSÃO | B2: Vencimento | C2: Recebido em | D2: NF | E2: CLIENTE | F2: Valor a Receber | G2: Valor Recebido | I2: Tipo de Pgto | J2: Observação
G53: =IF(OR(C53 = "",C53="PENDENTE"), 0, IF(OR(C53<=B53,H53=1),F53,(F53*0.1966/100)*(C53-B53)+F53)) -> 0
G54: =IF(OR(C54 = "",C54="PENDENTE"), 0, IF(OR(C54<=B54,H54=1),F54,(F54*0.1966/100)*(C54-B54)+F54)) -> 0
G55: =IF(OR(C55 = "",C55="PENDENTE"), 0, IF(OR(C55<=B55,H55=1),F55,(F55*0.1966/100)*(C55-B55)+F55)) -> 0
G56: =IF(OR(C56 = "",C56="PENDENTE"), 0, IF(OR(C56<=B56,H56=1),F56,(F56*0.1966/100)*(C56-B56)+F56)) -> 0
G57: =IF(OR(C57 = "",C57="PENDENTE"), 0, IF(OR(C57<=B57,H57=1),F57,(F57*0.1966/100)*(C57-B57)+F57)) -> 0
G58: =IF(OR(C58 = "",C58="PENDENTE"), 0, IF(OR(C58<=B58,H58=1),F58,(F58*0.1966/100)*(C58-B58)+F58)) -> 0
G59: =IF(OR(C59 = "",C59="PENDENTE"), 0, IF(OR(C59<=B59,H59=1),F59,(F59*0.1966/100)*(C59-B59)+F59)) -> 0
G60: =IF(OR(C60 = "",C60="PENDENTE"), 0, IF(OR(C60<=B60,H60=1),F60,(F60*0.1966/100)*(C60-B60)+F60)) -> 0
G61: =IF(OR(C61 = "",C61="PENDENTE"), 0, IF(OR(C61<=B61,H61=1),F61,(F61*0.1966/100)*(C61-B61)+F61)) -> 0
G62: =IF(OR(C62 = "",C62="PENDENTE"), 0, IF(OR(C62<=B62,H62=1),F62,(F62*0.1966/100)*(C62-B62)+F62)) -> 0
G63: =IF(OR(C63 = "",C63="PENDENTE"), 0, IF(OR(C63<=B63,H63=1),F63,(F63*0.1966/100)*(C63-B63)+F63)) -> 0
G64: =IF(OR(C64 = "",C64="PENDENTE"), 0, IF(OR(C64<=B64,H64=1),F64,(F64*0.1966/100)*(C64-B64)+F64)) -> 0
... G76: =IF(OR(C76 = "",C76="PENDENTE"), 0, IF(OR(C76<=B76,H76=1),F76,(F76*0.1966/100)*(C76-B76)+F76)) -> 0
F77: =SUM(F3:F76) -> 0 | G77: =SUM(G3:G76) -> 0
A599: 45925 | B599: 46028 | C599: 46024 | D599: 23441 | E599: NESTLE BRASIL | F599: 1872 | G599: 1872 | I599: DEP C/C
A627: 45947 | B627: 46037 | C627: 46037 | D627: 23468 | E627: BIMBO DO BRASIL LTDA | F627: 2566.25 | G627: 2566.25 | I627: DEP C/C
A656: 45959 | B656: 46068 | D656: 23497 | E656: BIMBO DO BRASIL LTDA | F656: 3082
A665: 45964 | B665: 46054 | D665: 23505 | E665: ROUSSELOT GELATINAS DO BRASIL LTDA | F665: 6220
A666: 45964 | B666: 46024 | C666: 46024 | D666: 23506 | E666: BAGLEY DO BRASIL | F666: 58040 | G666: 58040 | I666: BOLETO
A669: 45965 | B669: 46049 | D669: 23507 3 / 3 | E669: STARCLAVE IND E COM | F669: 4396.66
A674: 45967 | B674: 46051 | D674: 23513 | E674: SAINT-GOBAIN DO BRASIL | F674: 5862.02
A694: 45978 | B694: 46038 | C694: 46038 | D694: 23532 | E694: ROBERT BOSCH LIMITADA | F694: 1867 | G694: 1855.79 | I694: DEP C/C
A698: 45979 | B698: 46031 | C698: 46024 | D698: 23536 | E698: MARILAN ALIMENTOS LTDA | F698: 6004 | G698: 6004 | I698: DEP C/C
A701: 45979 | B701: 46038 | C701: 46038 | D701: 23538 2 / 3 | E701: ABC MANUTENÇÃO DE COMPRESSORES | F701: 5196.67 | G701: 5196.67 | I701: BOLETO
A702: 45979 | B702: 46069 | D702: 23538 3 / 3 | E702: ABC MANUTENÇÃO DE COMPRESSORES | F702: 5196.67
A709: 45986 | B709: 46052 | D709: 23545 | E709: CRISTALIA PROD QUIMICOS FARMACEUTICOS LTDA | F709: 9036 | I709: DEP C/C
A713: 45989 | B713: 46045 | D713: 23549 2 / 2 | E713: TERRAR IND E COM LTDA | F713: 3416
A714: 45992 | B714: 46034 | C714: 46034 | D714: 23550 | E714: MEXICHEM BRASIL | F714: 2822 | G714: 2822 | I714: BOLETO
A715: 45992 | B715: 46027 | C715: 45662 | D715: 23551 | E715: RICLAN S/A | F715: 6121.6 | G715: 6121.6 | I715: BOLETO
A719: 45993 | B719: 46028 | C719: 46028 | D719: 23555 | E719: RICLAN S/A | F719: 1186 | G719: 1186 | I719: BOLETO
A721: 45994 | B721: 46024 | C721: 46024 | D721: 23557 | E721: EUCATEX IND E COM LTDA | F721: 545 | G721: 545 | I721: DEP C/C
A723: 45995 | B723: 46023 | C723: 46023 | D723: 23559 | E723: CIRURGICA NEVES LTDA | F723: 3400 | G723: 3396 | I723: BOLETO
A724: 45995 | B724: 46023 | C724: 46024 | D724: 23560 | E724: COMBUSTOL FORNOS IND E COM LTDA | F724: 1046 | G724: 1046 | I724: BOLETO
A725: 45995 | B725: 46025 | C725: 46027 | D725: 23561 | E725: COMERCIAL BARRIGA VERDE LTDA | F725: 486 | G725: 486 | I725: BOLETO
A726: 45995 | B726: 46023 | C726: 46008 | D726: 23562 | E726: CHP CENTRAL HIDRAUICA E PNEUMATICA LTDA | F726: 446 | G726: 446 | I726: BOLETO
A727: 45996 | B727: 46030 | C727: 46030 | D727: 23563 | E727: ISOFLUID EQUIPTOS IND LTDA | F727: 1149 | G727: 1149 | I727: BOLETO
A728: 46000 | B728: 46035 | C728: 46035 | D728: 23564 | E728: RICLAN S/A | F728: 7890 | G728: 7890 | I728: BOLETO
A729: 46000 | B729: 46027 | C729: 46027 | D729: 23565 | E729: SUCOCITRICO CUTRALE LTDA | F729: 2526 | G729: 2526 | I729: DEP C/C
A730: 46000 | B730: 46030 | C730: 46031 | D730: 23566 | E730: DANISCO BRASIL LTDA | F730: 1385.35 | G730: 1385.35 | I730: DEP C/C
... A732: 46001 | B732: 46029 | C732: 46029 | D732: 23568 | E732: CIPATEX IMPREGNADORA | F732: 4560 | G732: 4560 | I732: BOLETO
A733: 46002 | B733: 46042 | D733: 23569 | E733: MAHLE METAL LEVE S/A | F733: 2150 | I733: DEP C/C
A734: 46002 | B734: 46042 | D734: 23570 | E734: MAHLE METAL LEVE S/A | F734: 2534 | I734: DEP C/C
A735: 46002 | B735: 46047 | D735: 23571 | E735: PQ SILICAS BRAZIL LTDA | F735: 10500 | I735: DEP C/C
A736: 46003 | B736: 46031 | C736: 46031 | D736: 23572 1 / 2 | E736: TERRAR IND E COM LTDA | F736: 2710 | G736: 2710 | I736: BOLETO
A737: 46003 | B737: 46059 | D737: 23572 2 / 2 | E737: TERRAR IND E COM LTDA | F737: 2710
A738: 46003 | B738: 46038 | C738: 46038 | D738: 23573 | E738: RICLAN S/A | F738: 1466.26 | G738: 1466.26 | I738: BOLETO
A739: 46003 | B739: 46038 | C739: 46038 | D739: 23574 | E739: RICLAN S/A | F739: 1640 | G739: 1640 | I739: BOLETO
A740: 46003 | B740: 46030 | C740: 46030 | D740: 23575 1 / 3 | E740: ISOFLUID EQUIPTOS IND LTDA | F740: 1449 | G740: 1449 | I740: BOLETO
A741: 46003 | B741: 46044 | D741: 23575 2 / 3 | E741: ISOFLUID EQUIPTOS IND LTDA | F741: 1449
A742: 46003 | B742: 46065 | D742: 23575 3 / 3 | E742: ISOFLUID EQUIPTOS IND LTDA | F742: 1449
A744: 46006 | B744: 46051 | D744: 23577 | E744: ORION ENGINEERED CARBONS LTDA | F744: 14208
A745: 46007 | B745: 46050 | D745: 23578 | E745: PLACO DO BRASIL LTDA | F745: 5474
A746: 46008 | B746: 46036 | C746: 46036 | D746: 23579 1 / 2 | E746: TERRAR IND E COM LTDA | F746: 5654.5 | G746: 5654.5 | I746: BOLETO
A747: 46008 | B747: 46064 | D747: 23579 2 / 2 | E747: TERRAR IND E COM LTDA | F747: 5654.5
A748: 46008 | B748: 46036 | C748: 46036 | D748: 23580 | E748: TERRAR IND E COM LTDA | F748: 1578 | G748: 1578 | I748: BOLETO
A749: 46008 | B749: 46043 | D749: 23581 | E749: VALFORTE ACESS IND EIRELI | F749: 2938
A750: 46009 | B750: 46037 | C750: 46037 | D750: 23582 1 / 2 | E750: LUME CERAMICA LTDA | F750: 2073.93 | G750: 2073.93 | I750: BOLETO
A751: 46009 | B751: 46065 | D751: 23582 2 / 2 | E751: LUME CERAMICA LTDA | F751: 2073.93
A752: 46009 | B752: 46037 | C752: 46037 | D752: 23583 | E752: ALGE T ELETRONICA E TECNOLOGIA | F752: 1711.36 | G752: 1711.36 | I752: BOLETO
A754: 46009 | B754: 46038 | C754: 46034 | D754: 23584 | E754: GALLU PNEUS | F754: 1651 | G754: 1651 | I754: BOLETO
A755: 46013 | B755: 46379 | C755: 46070 | D755: 23585 | E755: QUEIJOS ITUPEVA | F755: 2840 | G755: 1301.53 | I755: CARTÃO | J755: DEVOLUÇÃO REF NOSSA NF 23517 - VALOR ABATIMENTO R$ 1.490,00 - NF DEVOLUÇÃO 62212
A757: 46027 | B757: 46055 | D757: 23586 | E757: CIRURGICA NEVES LTDA | F757: 8800
A758: 46027 | B758: 46055 | D758: 23587 | E758: NG METALURGICA S.A | F758: 3004 | I758: DEP C/C
A759: 46027 | B759: 46055 | D759: 23588 | E759: PROD ALIMENTICIOS ORLANDIA | F759: 1578 | I759: DEP C/C
A760: 46028 | B760: 46086 | D760: 23589 | E760: TENNECO AUTOMOTIVE BRASIL LTDA | F760: 1658 | I760: DEP C/C
A761: 46028 | B761: 46079 | D761: 23591 | E761: MANFRIM IND E COM LTDA | F761: 1537
A762: 46028 | B762: 46065 | D762: 23592 | E762: ISOFLUID EQUIPTOS IND LTDA | F762: 1323
A763: 46029 | B763: 46057 | D763: 23593 | E763: NORTEL SUPRIMENTOS IND S/A | F763: 1258
A764: 46029 | B764: 46059 | D764: 23594 | E764: VALFORTE ACESS IND EIRELI | F764: 1520
A765: 46030 | B765: 46065 | D765: 23595 | E765: ISOFLUID EQUIPTOS IND LTDA | F765: 1854
A766: 46030 | B766: 46058 | D766: 23596 | E766: AUTOMATIX AUTOMAÇÃO E CONSULTORIA | F766: 2444.4
A767: 46030 | B767: 46060 | D767: 23597 | E767: EUCATEX IND E COM LTDA | F767: 5450 | I767: DEP C/C
A768: 46030 | B768: 46060 | D768: 23598 | E768: EUCATEX IND E COM LTDA | F768: 3686.04 | I768: DEP C/C
A769: 46030 | B769: 46058 | D769: 23599 | E769: USINA ACUCAREIRA S. MANOEL | F769: 4348.97
A770: 46031 | B770: 46066 | D770: 23600 | E770: RICLAN S/A | F770: 3031.16
A771: 46034 | B771: 46062 | D771: 23602 | E771: PRALANA INDUSTRIA E COMERCIO LTDA | F771: 2488
A772: 46034 | B772: 46062 | D772: 23603 | E772: SPUMAPLAST INDUSTRIA E COMERCIO LTDA | F772: 2099 | I772: DEP C/C
A773: 46034 | B773: 46069 | D773: 23604 | E773: RICLAN S/A | F773: 3089.3
A774: 46034 | B774: 46062 | D774: 23605 | E774: USINA ACUCAREIRA S. MANOEL | F774: 5037.45
A775: 46036 | B775: 46090 | D775: 23607 | E775: MARILAN ALIMENTOS | F775: 1708 | I775: DEP C/C

Sheet JUL-26
A2: EMISSÃO | B2: Vencimento | C2: Recebido em | D2: NF | E2: CLIENTE | F2: Valor a Receber | G2: Valor Recebido | I2: Tipo de Pgto | J2: Observação
G53: =IF(OR(C53 = "",C53="PENDENTE"), 0, IF(OR(C53<=B53,H53=1),F53,(F53*0.1966/100)*(C53-B53)+F53)) -> 0
G54: =IF(OR(C54 = "",C54="PENDENTE"), 0, IF(OR(C54<=B54,H54=1),F54,(F54*0.1966/100)*(C54-B54)+F54)) -> 0
G55: =IF(OR(C55 = "",C55="PENDENTE"), 0, IF(OR(C55<=B55,H55=1),F55,(F55*0.1966/100)*(C55-B55)+F55)) -> 0
G56: =IF(OR(C56 = "",C56="PENDENTE"), 0, IF(OR(C56<=B56,H56=1),F56,(F56*0.1966/100)*(C56-B56)+F56)) -> 0
G57: =IF(OR(C57 = "",C57="PENDENTE"), 0, IF(OR(C57<=B57,H57=1),F57,(F57*0.1966/100)*(C57-B57)+F57)) -> 0
G58: =IF(OR(C58 = "",C58="PENDENTE"), 0, IF(OR(C58<=B58,H58=1),F58,(F58*0.1966/100)*(C58-B58)+F58)) -> 0
G59: =IF(OR(C59 = "",C59="PENDENTE"), 0, IF(OR(C59<=B59,H59=1),F59,(F59*0.1966/100)*(C59-B59)+F59)) -> 0
G60: =IF(OR(C60 = "",C60="PENDENTE"), 0, IF(OR(C60<=B60,H60=1),F60,(F60*0.1966/100)*(C60-B60)+F60)) -> 0
G61: =IF(OR(C61 = "",C61="PENDENTE"), 0, IF(OR(C61<=B61,H61=1),F61,(F61*0.1966/100)*(C61-B61)+F61)) -> 0
G62: =IF(OR(C62 = "",C62="PENDENTE"), 0, IF(OR(C62<=B62,H62=1),F62,(F62*0.1966/100)*(C62-B62)+F62)) -> 0
G63: =IF(OR(C63 = "",C63="PENDENTE"), 0, IF(OR(C63<=B63,H63=1),F63,(F63*0.1966/100)*(C63-B63)+F63)) -> 0
G64: =IF(OR(C64 = "",C64="PENDENTE"), 0, IF(OR(C64<=B64,H64=1),F64,(F64*0.1966/100)*(C64-B64)+F64)) -> 0
... G76: =IF(OR(C76 = "",C76="PENDENTE"), 0, IF(OR(C76<=B76,H76=1),F76,(F76*0.1966/100)*(C76-B76)+F76)) -> 0
F77: =SUM(F3:F76) -> 0 | G77: =SUM(G3:G76) -> 0

Sheet AGO-26
A2: EMISSÃO | B2: Vencimento | C2: Recebido em | D2: NF | E2: CLIENTE | F2: Valor a Receber | G2: Valor Recebido | I2: Tipo de Pgto | J2: Observação
G53: =IF(OR(C53 = "",C53="PENDENTE"), 0, IF(OR(C53<=B53,H53=1),F53,(F53*0.1966/100)*(C53-B53)+F53)) -> 0
G54: =IF(OR(C54 = "",C54="PENDENTE"), 0, IF(OR(C54<=B54,H54=1),F54,(F54*0.1966/100)*(C54-B54)+F54)) -> 0
G55: =IF(OR(C55 = "",C55="PENDENTE"), 0, IF(OR(C55<=B55,H55=1),F55,(F55*0.1966/100)*(C55-B55)+F55)) -> 0
G56: =IF(OR(C56 = "",C56="PENDENTE"), 0, IF(OR(C56<=B56,H56=1),F56,(F56*0.1966/100)*(C56-B56)+F56)) -> 0
G57: =IF(OR(C57 = "",C57="PENDENTE"), 0, IF(OR(C57<=B57,H57=1),F57,(F57*0.1966/100)*(C57-B57)+F57)) -> 0
G58: =IF(OR(C58 = "",C58="PENDENTE"), 0, IF(OR(C58<=B58,H58=1),F58,(F58*0.1966/100)*(C58-B58)+F58)) -> 0
G59: =IF(OR(C59 = "",C59="PENDENTE"), 0, IF(OR(C59<=B59,H59=1),F59,(F59*0.1966/100)*(C59-B59)+F59)) -> 0
G60: =IF(OR(C60 = "",C60="PENDENTE"), 0, IF(OR(C60<=B60,H60=1),F60,(F60*0.1966/100)*(C60-B60)+F60)) -> 0
G61: =IF(OR(C61 = "",C61="PENDENTE"), 0, IF(OR(C61<=B61,H61=1),F61,(F61*0.1966/100)*(C61-B61)+F61)) -> 0
G62: =IF(OR(C62 = "",C62="PENDENTE"), 0, IF(OR(C62<=B62,H62=1),F62,(F62*0.1966/100)*(C62-B62)+F62)) -> 0
G63: =IF(OR(C63 = "",C63="PENDENTE"), 0, IF(OR(C63<=B63,H63=1),F63,(F63*0.1966/100)*(C63-B63)+F63)) -> 0
G64: =IF(OR(C64 = "",C64="PENDENTE"), 0, IF(OR(C64<=B64,H64=1),F64,(F64*0.1966/100)*(C64-B64)+F64)) -> 0
... G76: =IF(OR(C76 = "",C76="PENDENTE"), 0, IF(OR(C76<=B76,H76=1),F76,(F76*0.1966/100)*(C76-B76)+F76)) -> 0
F77: =SUM(F3:F76) -> 0 | G77: =SUM(G3:G76) -> 0

Sheet SET-26
A2: EMISSÃO | B2: Vencimento | C2: Recebido em | D2: NF | E2: CLIENTE | F2: Valor a Receber | G2: Valor Recebido | I2: Tipo de Pgto | J2: Observação
G53: =IF(OR(C53 = "",C53="PENDENTE"), 0, IF(OR(C53<=B53,H53=1),F53,(F53*0.1966/100)*(C53-B53)+F53)) -> 0
G54: =IF(OR(C54 = "",C54="PENDENTE"), 0, IF(OR(C54<=B54,H54=1),F54,(F54*0.1966/100)*(C54-B54)+F54)) -> 0
G55: =IF(OR(C55 = "",C55="PENDENTE"), 0, IF(OR(C55<=B55,H55=1),F55,(F55*0.1966/100)*(C55-B55)+F55)) -> 0
G56: =IF(OR(C56 = "",C56="PENDENTE"), 0, IF(OR(C56<=B56,H56=1),F56,(F56*0.1966/100)*(C56-B56)+F56)) -> 0
G57: =IF(OR(C57 = "",C57="PENDENTE"), 0, IF(OR(C57<=B57,H57=1),F57,(F57*0.1966/100)*(C57-B57)+F57)) -> 0
G58: =IF(OR(C58 = "",C58="PENDENTE"), 0, IF(OR(C58<=B58,H58=1),F58,(F58*0.1966/100)*(C58-B58)+F58)) -> 0
G59: =IF(OR(C59 = "",C59="PENDENTE"), 0, IF(OR(C59<=B59,H59=1),F59,(F59*0.1966/100)*(C59-B59)+F59)) -> 0
G60: =IF(OR(C60 = "",C60="PENDENTE"), 0, IF(OR(C60<=B60,H60=1),F60,(F60*0.1966/100)*(C60-B60)+F60)) -> 0
G61: =IF(OR(C61 = "",C61="PENDENTE"), 0, IF(OR(C61<=B61,H61=1),F61,(F61*0.1966/100)*(C61-B61)+F61)) -> 0
G62: =IF(OR(C62 = "",C62="PENDENTE"), 0, IF(OR(C62<=B62,H62=1),F62,(F62*0.1966/100)*(C62-B62)+F62)) -> 0
G63: =IF(OR(C63 = "",C63="PENDENTE"), 0, IF(OR(C63<=B63,H63=1),F63,(F63*0.1966/100)*(C63-B63)+F63)) -> 0
G64: =IF(OR(C64 = "",C64="PENDENTE"), 0, IF(OR(C64<=B64,H64=1),F64,(F64*0.1966/100)*(C64-B64)+F64)) -> 0
... G76: =IF(OR(C76 = "",C76="PENDENTE"), 0, IF(OR(C76<=B76,H76=1),F76,(F76*0.1966/100)*(C76-B76)+F76)) -> 0
F77: =SUM(F3:F76) -> 0 | G77: =SUM(G3:G76) -> 0

Sheet OUT-26
A2: EMISSÃO | B2: Vencimento | C2: Recebido em | D2: NF | E2: CLIENTE | F2: Valor a Receber | G2: Valor Recebido | I2: Tipo de Pgto | J2: Observação
G53: =IF(OR(C53 = "",C53="PENDENTE"), 0, IF(OR(C53<=B53,H53=1),F53,(F53*0.1966/100)*(C53-B53)+F53)) -> 0
G54: =IF(OR(C54 = "",C54="PENDENTE"), 0, IF(OR(C54<=B54,H54=1),F54,(F54*0.1966/100)*(C54-B54)+F54)) -> 0
G55: =IF(OR(C55 = "",C55="PENDENTE"), 0, IF(OR(C55<=B55,H55=1),F55,(F55*0.1966/100)*(C55-B55)+F55)) -> 0
G56: =IF(OR(C56 = "",C56="PENDENTE"), 0, IF(OR(C56<=B56,H56=1),F56,(F56*0.1966/100)*(C56-B56)+F56)) -> 0
G57: =IF(OR(C57 = "",C57="PENDENTE"), 0, IF(OR(C57<=B57,H57=1),F57,(F57*0.1966/100)*(C57-B57)+F57)) -> 0
G58: =IF(OR(C58 = "",C58="PENDENTE"), 0, IF(OR(C58<=B58,H58=1),F58,(F58*0.1966/100)*(C58-B58)+F58)) -> 0
G59: =IF(OR(C59 = "",C59="PENDENTE"), 0, IF(OR(C59<=B59,H59=1),F59,(F59*0.1966/100)*(C59-B59)+F59)) -> 0
G60: =IF(OR(C60 = "",C60="PENDENTE"), 0, IF(OR(C60<=B60,H60=1),F60,(F60*0.1966/100)*(C60-B60)+F60)) -> 0
G61: =IF(OR(C61 = "",C61="PENDENTE"), 0, IF(OR(C61<=B61,H61=1),F61,(F61*0.1966/100)*(C61-B61)+F61)) -> 0
G62: =IF(OR(C62 = "",C62="PENDENTE"), 0, IF(OR(C62<=B62,H62=1),F62,(F62*0.1966/100)*(C62-B62)+F62)) -> 0
G63: =IF(OR(C63 = "",C63="PENDENTE"), 0, IF(OR(C63<=B63,H63=1),F63,(F63*0.1966/100)*(C63-B63)+F63)) -> 0
G64: =IF(OR(C64 = "",C64="PENDENTE"), 0, IF(OR(C64<=B64,H64=1),F64,(F64*0.1966/100)*(C64-B64)+F64)) -> 0
... G76: =IF(OR(C76 = "",C76="PENDENTE"), 0, IF(OR(C76<=B76,H76=1),F76,(F76*0.1966/100)*(C76-B76)+F76)) -> 0
F77: =SUM(F3:F76) -> 0 | G77: =SUM(G3:G76) -> 0

Sheet NOV-26
A2: EMISSÃO | B2: Vencimento | C2: Recebido em | D2: NF | E2: CLIENTE | F2: Valor a Receber | G2: Valor Recebido | I2: Tipo de Pgto | J2: Observação
G53: =IF(OR(C53 = "",C53="PENDENTE"), 0, IF(OR(C53<=B53,H53=1),F53,(F53*0.1966/100)*(C53-B53)+F53)) -> 0
G54: =IF(OR(C54 = "",C54="PENDENTE"), 0, IF(OR(C54<=B54,H54=1),F54,(F54*0.1966/100)*(C54-B54)+F54)) -> 0
G55: =IF(OR(C55 = "",C55="PENDENTE"), 0, IF(OR(C55<=B55,H55=1),F55,(F55*0.1966/100)*(C55-B55)+F55)) -> 0
G56: =IF(OR(C56 = "",C56="PENDENTE"), 0, IF(OR(C56<=B56,H56=1),F56,(F56*0.1966/100)*(C56-B56)+F56)) -> 0
G57: =IF(OR(C57 = "",C57="PENDENTE"), 0, IF(OR(C57<=B57,H57=1),F57,(F57*0.1966/100)*(C57-B57)+F57)) -> 0
G58: =IF(OR(C58 = "",C58="PENDENTE"), 0, IF(OR(C58<=B58,H58=1),F58,(F58*0.1966/100)*(C58-B58)+F58)) -> 0
G59: =IF(OR(C59 = "",C59="PENDENTE"), 0, IF(OR(C59<=B59,H59=1),F59,(F59*0.1966/100)*(C59-B59)+F59)) -> 0
G60: =IF(OR(C60 = "",C60="PENDENTE"), 0, IF(OR(C60<=B60,H60=1),F60,(F60*0.1966/100)*(C60-B60)+F60)) -> 0
G61: =IF(OR(C61 = "",C61="PENDENTE"), 0, IF(OR(C61<=B61,H61=1),F61,(F61*0.1966/100)*(C61-B61)+F61)) -> 0
G62: =IF(OR(C62 = "",C62="PENDENTE"), 0, IF(OR(C62<=B62,H62=1),F62,(F62*0.1966/100)*(C62-B62)+F62)) -> 0
G63: =IF(OR(C63 = "",C63="PENDENTE"), 0, IF(OR(C63<=B63,H63=1),F63,(F63*0.1966/100)*(C63-B63)+F63)) -> 0
G64: =IF(OR(C64 = "",C64="PENDENTE"), 0, IF(OR(C64<=B64,H64=1),F64,(F64*0.1966/100)*(C64-B64)+F64)) -> 0
... G76: =IF(OR(C76 = "",C76="PENDENTE"), 0, IF(OR(C76<=B76,H76=1),F76,(F76*0.1966/100)*(C76-B76)+F76)) -> 0
F77: =SUM(F3:F76) -> 0 | G77: =SUM(G3:G76) -> 0

Sheet DEZ-26
A2: EMISSÃO | B2: Vencimento | C2: Recebido em | D2: NF | E2: CLIENTE | F2: Valor a Receber | G2: Valor Recebido | I2: Tipo de Pgto | J2: Observação
G53: =IF(OR(C53 = "",C53="PENDENTE"), 0, IF(OR(C53<=B53,H53=1),F53,(F53*0.1966/100)*(C53-B53)+F53)) -> 0
G54: =IF(OR(C54 = "",C54="PENDENTE"), 0, IF(OR(C54<=B54,H54=1),F54,(F54*0.1966/100)*(C54-B54)+F54)) -> 0
G55: =IF(OR(C55 = "",C55="PENDENTE"), 0, IF(OR(C55<=B55,H55=1),F55,(F55*0.1966/100)*(C55-B55)+F55)) -> 0
G56: =IF(OR(C56 = "",C56="PENDENTE"), 0, IF(OR(C56<=B56,H56=1),F56,(F56*0.1966/100)*(C56-B56)+F56)) -> 0
G57: =IF(OR(C57 = "",C57="PENDENTE"), 0, IF(OR(C57<=B57,H57=1),F57,(F57*0.1966/100)*(C57-B57)+F57)) -> 0
G58: =IF(OR(C58 = "",C58="PENDENTE"), 0, IF(OR(C58<=B58,H58=1),F58,(F58*0.1966/100)*(C58-B58)+F58)) -> 0
G59: =IF(OR(C59 = "",C59="PENDENTE"), 0, IF(OR(C59<=B59,H59=1),F59,(F59*0.1966/100)*(C59-B59)+F59)) -> 0
G60: =IF(OR(C60 = "",C60="PENDENTE"), 0, IF(OR(C60<=B60,H60=1),F60,(F60*0.1966/100)*(C60-B60)+F60)) -> 0
G61: =IF(OR(C61 = "",C61="PENDENTE"), 0, IF(OR(C61<=B61,H61=1),F61,(F61*0.1966/100)*(C61-B61)+F61)) -> 0
G62: =IF(OR(C62 = "",C62="PENDENTE"), 0, IF(OR(C62<=B62,H62=1),F62,(F62*0.1966/100)*(C62-B62)+F62)) -> 0
G63: =IF(OR(C63 = "",C63="PENDENTE"), 0, IF(OR(C63<=B63,H63=1),F63,(F63*0.1966/100)*(C63-B63)+F63)) -> 0
G64: =IF(OR(C64 = "",C64="PENDENTE"), 0, IF(OR(C64<=B64,H64=1),F64,(F64*0.1966/100)*(C64-B64)+F64)) -> 0
... G76: =IF(OR(C76 = "",C76="PENDENTE"), 0, IF(OR(C76<=B76,H76=1),F76,(F76*0.1966/100)*(C76-B76)+F76)) -> 0
F77: =SUM(F3:F76) -> 0 | G77: =SUM(G3:G76) -> 0

Sheet BD
B1: EMISSÃO | C1: Vencimento | D1: Recebido em | E1: NF | F1: CLIENTE | G1: FATURAMENTO | H1: V. Recebido | I1: MÊS FAT | J1: MÊS RECEB | K1: PREVISÃO | L1: MÊS PREV. | M1: AJ | N1: STATUS | O1: EMISSÃO | P1: VENCIMENTO | Q1: NFE | R1: CLIENTE | S1: VALOR | T1: DIAS
B2: ='JAN-26'!A3 -> 0 | C2: ='JAN-26'!B3 -> 0 | D2: ='JAN-26'!C3 -> 0 | E2: ='JAN-26'!D3 -> 0 | F2: ='JAN-26'!E3 -> 0 | G2: ='JAN-26'!F3 -> 0 | H2: =IF(OR(D2 = "",D2="PENDENTE"), 0, IF(OR(D2<=C2,M2=1),G2,(G2*0.1966/100)*(D2-C2)+G2)) -> 0 | I2: JAN | J2: =IF(OR(D2="PENDENTE", D2=0, D2=""), "", UPPER(TEXT(D2, "mmm"))) | K2: =IF(OR(D2="PENDENTE", D2="", D2=0, D2=DATE(1900,1,0)), G2, 0) -> 0 | L2: =IF(K2>0, UPPER(TEXT(C2, "mmm")), "") | M2: ='JAN-26'!H3 -> 0 | N2: =IF(BD!$C2="","",IF(AND(TODAY()>BD!$C2,OR(BD!$D2="PENDENTE",BD!$D2="")),"VENCIDO","")) | O2: =IF(N2 = "VENCIDO",BD!$B2,"") | P2: =IF(N2 = "VENCIDO",BD!$C2,"") | Q2: =IF(N2 = "VENCIDO",BD!$E2,"") | R2: =IF(N2 = "VENCIDO",BD!$F2,"") | S2: =IF(N2 = "VENCIDO",BD!$G2,"") | T2: =IF(AND(TODAY()>BD!$C2, OR(BD!$D2="PENDENTE", BD!$D2="")), TODAY()-BD!$C2, "")
B3: ='JAN-26'!A4 -> 0 | C3: ='JAN-26'!B4 -> 0 | D3: ='JAN-26'!C4 -> 0 | E3: ='JAN-26'!D4 -> 0 | F3: ='JAN-26'!E4 -> 0 | G3: ='JAN-26'!F4 -> 0 | H3: =IF(OR(D3 = "",D3="PENDENTE"), 0, IF(OR(D3<=C3,M3=1),G3,(G3*0.1966/100)*(D3-C3)+G3)) -> 0 | I3: JAN | J3: =IF(OR(D3="PENDENTE", D3=0, D3=""), "", UPPER(TEXT(D3, "mmm"))) | K3: =IF(OR(D3="PENDENTE", D3="", D3=0, D3=DATE(1900,1,0)), G3, 0) -> 0 | L3: =IF(K3>0, UPPER(TEXT(C3, "mmm")), "") | M3: ='JAN-26'!H4 -> 0 | N3: =IF(BD!$C3="","",IF(AND(TODAY()>BD!$C3,OR(BD!$D3="PENDENTE",BD!$D3="")),"VENCIDO","")) | O3: =IF(N3 = "VENCIDO",BD!$B3,"") | P3: =IF(N3 = "VENCIDO",BD!$C3,"") | Q3: =IF(N3 = "VENCIDO",BD!$E3,"") | R3: =IF(N3 = "VENCIDO",BD!$F3,"") | S3: =IF(N3 = "VENCIDO",BD!$G3,"") | T3: =IF(AND(TODAY()>BD!$C3, OR(BD!$D3="PENDENTE", BD!$D3="")), TODAY()-BD!$C3, "")
B4: ='JAN-26'!A5 -> 0 | C4: ='JAN-26'!B5 -> 0 | D4: ='JAN-26'!C5 -> 0 | E4: ='JAN-26'!D5 -> 0 | F4: ='JAN-26'!E5 -> 0 | G4: ='JAN-26'!F5 -> 0 | H4: =IF(OR(D4 = "",D4="PENDENTE"), 0, IF(OR(D4<=C4,M4=1),G4,(G4*0.1966/100)*(D4-C4)+G4)) -> 0 | I4: JAN | J4: =IF(OR(D4="PENDENTE", D4=0, D4=""), "", UPPER(TEXT(D4, "mmm"))) | K4: =IF(OR(D4="PENDENTE", D4="", D4=0, D4=DATE(1900,1,0)), G4, 0) -> 0 | L4: =IF(K4>0, UPPER(TEXT(C4, "mmm")), "") | M4: ='JAN-26'!H5 -> 0 | N4: =IF(BD!$C4="","",IF(AND(TODAY()>BD!$C4,OR(BD!$D4="PENDENTE",BD!$D4="")),"VENCIDO","")) | O4: =IF(N4 = "VENCIDO",BD!$B4,"") | P4: =IF(N4 = "VENCIDO",BD!$C4,"") | Q4: =IF(N4 = "VENCIDO",BD!$E4,"") | R4: =IF(N4 = "VENCIDO",BD!$F4,"") | S4: =IF(N4 = "VENCIDO",BD!$G4,"") | T4: =IF(AND(TODAY()>BD!$C4, OR(BD!$D4="PENDENTE", BD!$D4="")), TODAY()-BD!$C4, "")
B5: ='JAN-26'!A6 -> 0 | C5: ='JAN-26'!B6 -> 0 | D5: ='JAN-26'!C6 -> 0 | E5: ='JAN-26'!D6 -> 0 | F5: ='JAN-26'!E6 -> 0 | G5: ='JAN-26'!F6 -> 0 | H5: =IF(OR(D5 = "",D5="PENDENTE"), 0, IF(OR(D5<=C5,M5=1),G5,(G5*0.1966/100)*(D5-C5)+G5)) -> 0 | I5: JAN | J5: =IF(OR(D5="PENDENTE", D5=0, D5=""), "", UPPER(TEXT(D5, "mmm"))) | K5: =IF(OR(D5="PENDENTE", D5="", D5=0, D5=DATE(1900,1,0)), G5, 0) -> 0 | L5: =IF(K5>0, UPPER(TEXT(C5, "mmm")), "") | M5: ='JAN-26'!H6 -> 0 | N5: =IF(BD!$C5="","",IF(AND(TODAY()>BD!$C5,OR(BD!$D5="PENDENTE",BD!$D5="")),"VENCIDO","")) | O5: =IF(N5 = "VENCIDO",BD!$B5,"") | P5: =IF(N5 = "VENCIDO",BD!$C5,"") | Q5: =IF(N5 = "VENCIDO",BD!$E5,"") | R5: =IF(N5 = "VENCIDO",BD!$F5,"") | S5: =IF(N5 = "VENCIDO",BD!$G5,"") | T5: =IF(AND(TODAY()>BD!$C5, OR(BD!$D5="PENDENTE", BD!$D5="")), TODAY()-BD!$C5, "")
B6: ='JAN-26'!A7 -> 0 | C6: ='JAN-26'!B7 -> 0 | D6: ='JAN-26'!C7 -> 0 | E6: ='JAN-26'!D7 -> 0 | F6: ='JAN-26'!E7 -> 0 | G6: ='JAN-26'!F7 -> 0 | H6: =IF(OR(D6 = "",D6="PENDENTE"), 0, IF(OR(D6<=C6,M6=1),G6,(G6*0.1966/100)*(D6-C6)+G6)) -> 0 | I6: JAN | J6: =IF(OR(D6="PENDENTE", D6=0, D6=""), "", UPPER(TEXT(D6, "mmm"))) | K6: =IF(OR(D6="PENDENTE", D6="", D6=0, D6=DATE(1900,1,0)), G6, 0) -> 0 | L6: =IF(K6>0, UPPER(TEXT(C6, "mmm")), "") | M6: ='JAN-26'!H7 -> 0 | N6: =IF(BD!$C6="","",IF(AND(TODAY()>BD!$C6,OR(BD!$D6="PENDENTE",BD!$D6="")),"VENCIDO","")) | O6: =IF(N6 = "VENCIDO",BD!$B6,"") | P6: =IF(N6 = "VENCIDO",BD!$C6,"") | Q6: =IF(N6 = "VENCIDO",BD!$E6,"") | R6: =IF(N6 = "VENCIDO",BD!$F6,"") | S6: =IF(N6 = "VENCIDO",BD!$G6,"") | T6: =IF(AND(TODAY()>BD!$C6, OR(BD!$D6="PENDENTE", BD!$D6="")), TODAY()-BD!$C6, "")
B7: ='JAN-26'!A8 -> 0 | C7: ='JAN-26'!B8 -> 0 | D7: ='JAN-26'!C8 -> 0 | E7: ='JAN-26'!D8 -> 0 | F7: ='JAN-26'!E8 -> 0 | G7: ='JAN-26'!F8 -> 0 | H7: =IF(OR(D7 = "",D7="PENDENTE"), 0, IF(OR(D7<=C7,M7=1),G7,(G7*0.1966/100)*(D7-C7)+G7)) -> 0 | I7: JAN | J7: =IF(OR(D7="PENDENTE", D7=0, D7=""), "", UPPER(TEXT(D7, "mmm"))) | K7: =IF(OR(D7="PENDENTE", D7="", D7=0, D7=DATE(1900,1,0)), G7, 0) -> 0 | L7: =IF(K7>0, UPPER(TEXT(C7, "mmm")), "") | M7: ='JAN-26'!H8 -> 0 | N7: =IF(BD!$C7="","",IF(AND(TODAY()>BD!$C7,OR(BD!$D7="PENDENTE",BD!$D7="")),"VENCIDO","")) | O7: =IF(N7 = "VENCIDO",BD!$B7,"") | P7: =IF(N7 = "VENCIDO",BD!$C7,"") | Q7: =IF(N7 = "VENCIDO",BD!$E7,"") | R7: =IF(N7 = "VENCIDO",BD!$F7,"") | S7: =IF(N7 = "VENCIDO",BD!$G7,"") | T7: =IF(AND(TODAY()>BD!$C7, OR(BD!$D7="PENDENTE", BD!$D7="")), TODAY()-BD!$C7, "")
B8: ='JAN-26'!A9 -> 0 | C8: ='JAN-26'!B9 -> 0 | D8: ='JAN-26'!C9 -> 0 | E8: ='JAN-26'!D9 -> 0 | F8: ='JAN-26'!E9 -> 0 | G8: ='JAN-26'!F9 -> 0 | H8: =IF(OR(D8 = "",D8="PENDENTE"), 0, IF(OR(D8<=C8,M8=1),G8,(G8*0.1966/100)*(D8-C8)+G8)) -> 0 | I8: JAN | J8: =IF(OR(D8="PENDENTE", D8=0, D8=""), "", UPPER(TEXT(D8, "mmm"))) | K8: =IF(OR(D8="PENDENTE", D8="", D8=0, D8=DATE(1900,1,0)), G8, 0) -> 0 | L8: =IF(K8>0, UPPER(TEXT(C8, "mmm")), "") | M8: ='JAN-26'!H9 -> 0 | N8: =IF(BD!$C8="","",IF(AND(TODAY()>BD!$C8,OR(BD!$D8="PENDENTE",BD!$D8="")),"VENCIDO","")) | O8: =IF(N8 = "VENCIDO",BD!$B8,"") | P8: =IF(N8 = "VENCIDO",BD!$C8,"") | Q8: =IF(N8 = "VENCIDO",BD!$E8,"") | R8: =IF(N8 = "VENCIDO",BD!$F8,"") | S8: =IF(N8 = "VENCIDO",BD!$G8,"") | T8: =IF(AND(TODAY()>BD!$C8, OR(BD!$D8="PENDENTE", BD!$D8="")), TODAY()-BD!$C8, "")
B9: ='JAN-26'!A10 -> 0 | C9: ='JAN-26'!B10 -> 0 | D9: ='JAN-26'!C10 -> 0 | E9: ='JAN-26'!D10 -> 0 | F9: ='JAN-26'!E10 -> 0 | G9: ='JAN-26'!F10 -> 0 | H9: =IF(OR(D9 = "",D9="PENDENTE"), 0, IF(OR(D9<=C9,M9=1),G9,(G9*0.1966/100)*(D9-C9)+G9)) -> 0 | I9: JAN | J9: =IF(OR(D9="PENDENTE", D9=0, D9=""), "", UPPER(TEXT(D9, "mmm"))) | K9: =IF(OR(D9="PENDENTE", D9="", D9=0, D9=DATE(1900,1,0)), G9, 0) -> 0 | L9: =IF(K9>0, UPPER(TEXT(C9, "mmm")), "") | M9: ='JAN-26'!H10 -> 0 | N9: =IF(BD!$C9="","",IF(AND(TODAY()>BD!$C9,OR(BD!$D9="PENDENTE",BD!$D9="")),"VENCIDO","")) | O9: =IF(N9 = "VENCIDO",BD!$B9,"") | P9: =IF(N9 = "VENCIDO",BD!$C9,"") | Q9: =IF(N9 = "VENCIDO",BD!$E9,"") | R9: =IF(N9 = "VENCIDO",BD!$F9,"") | S9: =IF(N9 = "VENCIDO",BD!$G9,"") | T9: =IF(AND(TODAY()>BD!$C9, OR(BD!$D9="PENDENTE", BD!$D9="")), TODAY()-BD!$C9, "")
B10: ='JAN-26'!A11 -> 0 | C10: ='JAN-26'!B11 -> 0 | D10: ='JAN-26'!C11 -> 0 | E10: ='JAN-26'!D11 -> 0 | F10: ='JAN-26'!E11 -> 0 | G10: ='JAN-26'!F11 -> 0 | H10: =IF(OR(D10 = "",D10="PENDENTE"), 0, IF(OR(D10<=C10,M10=1),G10,(G10*0.1966/100)*(D10-C10)+G10)) -> 0 | I10: JAN | J10: =IF(OR(D10="PENDENTE", D10=0, D10=""), "", UPPER(TEXT(D10, "mmm"))) | K10: =IF(OR(D10="PENDENTE", D10="", D10=0, D10=DATE(1900,1,0)), G10, 0) -> 0 | L10: =IF(K10>0, UPPER(TEXT(C10, "mmm")), "") | M10: ='JAN-26'!H11 -> 0 | N10: =IF(BD!$C10="","",IF(AND(TODAY()>BD!$C10,OR(BD!$D10="PENDENTE",BD!$D10="")),"VENCIDO","")) | O10: =IF(N10 = "VENCIDO",BD!$B10,"") | P10: =IF(N10 = "VENCIDO",BD!$C10,"") | Q10: =IF(N10 = "VENCIDO",BD!$E10,"") | R10: =IF(N10 = "VENCIDO",BD!$F10,"") | S10: =IF(N10 = "VENCIDO",BD!$G10,"") | T10: =IF(AND(TODAY()>BD!$C10, OR(BD!$D10="PENDENTE", BD!$D10="")), TODAY()-BD!$C10, "")
B11: ='JAN-26'!A12 -> 0 | C11: ='JAN-26'!B12 -> 0 | D11: ='JAN-26'!C12 -> 0 | E11: ='JAN-26'!D12 -> 0 | F11: ='JAN-26'!E12 -> 0 | G11: ='JAN-26'!F12 -> 0 | H11: =IF(OR(D11 = "",D11="PENDENTE"), 0, IF(OR(D11<=C11,M11=1),G11,(G11*0.1966/100)*(D11-C11)+G11)) -> 0 | I11: JAN | J11: =IF(OR(D11="PENDENTE", D11=0, D11=""), "", UPPER(TEXT(D11, "mmm"))) | K11: =IF(OR(D11="PENDENTE", D11="", D11=0, D11=DATE(1900,1,0)), G11, 0) -> 0 | L11: =IF(K11>0, UPPER(TEXT(C11, "mmm")), "") | M11: ='JAN-26'!H12 -> 0 | N11: =IF(BD!$C11="","",IF(AND(TODAY()>BD!$C11,OR(BD!$D11="PENDENTE",BD!$D11="")),"VENCIDO","")) | O11: =IF(N11 = "VENCIDO",BD!$B11,"") | P11: =IF(N11 = "VENCIDO",BD!$C11,"") | Q11: =IF(N11 = "VENCIDO",BD!$E11,"") | R11: =IF(N11 = "VENCIDO",BD!$F11,"") | S11: =IF(N11 = "VENCIDO",BD!$G11,"") | T11: =IF(AND(TODAY()>BD!$C11, OR(BD!$D11="PENDENTE", BD!$D11="")), TODAY()-BD!$C11, "")
B12: ='JAN-26'!A13 -> 0 | C12: ='JAN-26'!B13 -> 0 | D12: ='JAN-26'!C13 -> 0 | E12: ='JAN-26'!D13 -> 0 | F12: ='JAN-26'!E13 -> 0 | G12: ='JAN-26'!F13 -> 0 | H12: =IF(OR(D12 = "",D12="PENDENTE"), 0, IF(OR(D12<=C12,M12=1),G12,(G12*0.1966/100)*(D12-C12)+G12)) -> 0 | I12: JAN | J12: =IF(OR(D12="PENDENTE", D12=0, D12=""), "", UPPER(TEXT(D12, "mmm"))) | K12: =IF(OR(D12="PENDENTE", D12="", D12=0, D12=DATE(1900,1,0)), G12, 0) -> 0 | L12: =IF(K12>0, UPPER(TEXT(C12, "mmm")), "") | M12: ='JAN-26'!H13 -> 0 | N12: =IF(BD!$C12="","",IF(AND(TODAY()>BD!$C12,OR(BD!$D12="PENDENTE",BD!$D12="")),"VENCIDO","")) | O12: =IF(N12 = "VENCIDO",BD!$B12,"") | P12: =IF(N12 = "VENCIDO",BD!$C12,"") | Q12: =IF(N12 = "VENCIDO",BD!$E12,"") | R12: =IF(N12 = "VENCIDO",BD!$F12,"") | S12: =IF(N12 = "VENCIDO",BD!$G12,"") | T12: =IF(AND(TODAY()>BD!$C12, OR(BD!$D12="PENDENTE", BD!$D12="")), TODAY()-BD!$C12, "")
B13: ='JAN-26'!A14 -> 0 | C13: ='JAN-26'!B14 -> 0 | D13: ='JAN-26'!C14 -> 0 | E13: ='JAN-26'!D14 -> 0 | F13: ='JAN-26'!E14 -> 0 | G13: ='JAN-26'!F14 -> 0 | H13: =IF(OR(D13 = "",D13="PENDENTE"), 0, IF(OR(D13<=C13,M13=1),G13,(G13*0.1966/100)*(D13-C13)+G13)) -> 0 | I13: JAN | J13: =IF(OR(D13="PENDENTE", D13=0, D13=""), "", UPPER(TEXT(D13, "mmm"))) | K13: =IF(OR(D13="PENDENTE", D13="", D13=0, D13=DATE(1900,1,0)), G13, 0) -> 0 | L13: =IF(K13>0, UPPER(TEXT(C13, "mmm")), "") | M13: ='JAN-26'!H14 -> 0 | N13: =IF(BD!$C13="","",IF(AND(TODAY()>BD!$C13,OR(BD!$D13="PENDENTE",BD!$D13="")),"VENCIDO","")) | O13: =IF(N13 = "VENCIDO",BD!$B13,"") | P13: =IF(N13 = "VENCIDO",BD!$C13,"") | Q13: =IF(N13 = "VENCIDO",BD!$E13,"") | R13: =IF(N13 = "VENCIDO",BD!$F13,"") | S13: =IF(N13 = "VENCIDO",BD!$G13,"") | T13: =IF(AND(TODAY()>BD!$C13, OR(BD!$D13="PENDENTE", BD!$D13="")), TODAY()-BD!$C13, "")
... B75: ='JAN-26'!A76 -> 0 | C75: ='JAN-26'!B76 -> 0 | D75: ='JAN-26'!C76 -> 0 | E75: ='JAN-26'!D76 -> 0 | F75: ='JAN-26'!E76 -> 0 | G75: ='JAN-26'!F76 -> 0 | H75: =IF(OR(D75 = "",D75="PENDENTE"), 0, IF(OR(D75<=C75,M75=1),G75,(G75*0.1966/100)*(D75-C75)+G75)) -> 0 | I75: JAN | J75: =IF(OR(D75="PENDENTE", D75=0, D75=""), "", UPPER(TEXT(D75, "mmm"))) | K75: =IF(OR(D75="PENDENTE", D75="", D75=0, D75=DATE(1900,1,0)), G75, 0) -> 0 | L75: =IF(K75>0, UPPER(TEXT(C75, "mmm")), "") | M75: ='JAN-26'!H76 -> 0 | N75: =IF(BD!$C75="","",IF(AND(TODAY()>BD!$C75,OR(BD!$D75="PENDENTE",BD!$D75="")),"VENCIDO","")) | O75: =IF(N75 = "VENCIDO",BD!$B75,"") | P75: =IF(N75 = "VENCIDO",BD!$C75,"") | Q75: =IF(N75 = "VENCIDO",BD!$E75,"") | R75: =IF(N75 = "VENCIDO",BD!$F75,"") | S75: =IF(N75 = "VENCIDO",BD!$G75,"") | T75: =IF(AND(TODAY()>BD!$C75, OR(BD!$D75="PENDENTE", BD!$D75="")), TODAY()-BD!$C75, "")
B76: ='FEV-26'!A3 -> 0 | C76: ='FEV-26'!B3 -> 0 | D76: ='FEV-26'!C3 -> 0 | E76: ='FEV-26'!D3 -> 0 | F76: ='FEV-26'!E3 -> 0 | G76: ='FEV-26'!F3 -> 0 | H76: =IF(OR(D76 = "",D76="PENDENTE"), 0, IF(OR(D76<=C76,M76=1),G76,(G76*0.1966/100)*(D76-C76)+G76)) -> 0 | I76: FEV | J76: =IF(OR(D76="PENDENTE", D76=0, D76=""), "", UPPER(TEXT(D76, "mmm"))) | K76: =IF(OR(D76="PENDENTE", D76="", D76=0, D76=DATE(1900,1,0)), G76, 0) -> 0 | L76: =IF(K76>0, UPPER(TEXT(C76, "mmm")), "") | M76: ='FEV-26'!H3 -> 0 | N76: =IF(BD!$C76="","",IF(AND(TODAY()>BD!$C76,OR(BD!$D76="PENDENTE",BD!$D76="")),"VENCIDO","")) | O76: =IF(N76 = "VENCIDO",BD!$B76,"") | P76: =IF(N76 = "VENCIDO",BD!$C76,"") | Q76: =IF(N76 = "VENCIDO",BD!$E76,"") | R76: =IF(N76 = "VENCIDO",BD!$F76,"") | S76: =IF(N76 = "VENCIDO",BD!$G76,"") | T76: =IF(AND(TODAY()>BD!$C76, OR(BD!$D76="PENDENTE", BD!$D76="")), TODAY()-BD!$C76, "")
B77: ='FEV-26'!A4 -> 0 | C77: ='FEV-26'!B4 -> 0 | D77: ='FEV-26'!C4 -> 0 | E77: ='FEV-26'!D4 -> 0 | F77: ='FEV-26'!E4 -> 0 | G77: ='FEV-26'!F4 -> 0 | H77: =IF(OR(D77 = "",D77="PENDENTE"), 0, IF(OR(D77<=C77,M77=1),G77,(G77*0.1966/100)*(D77-C77)+G77)) -> 0 | I77: FEV | J77: =IF(OR(D77="PENDENTE", D77=0, D77=""), "", UPPER(TEXT(D77, "mmm"))) | K77: =IF(OR(D77="PENDENTE", D77="", D77=0, D77=DATE(1900,1,0)), G77, 0) -> 0 | L77: =IF(K77>0, UPPER(TEXT(C77, "mmm")), "") | M77: ='FEV-26'!H4 -> 0 | N77: =IF(BD!$C77="","",IF(AND(TODAY()>BD!$C77,OR(BD!$D77="PENDENTE",BD!$D77="")),"VENCIDO","")) | O77: =IF(N77 = "VENCIDO",BD!$B77,"") | P77: =IF(N77 = "VENCIDO",BD!$C77,"") | Q77: =IF(N77 = "VENCIDO",BD!$E77,"") | R77: =IF(N77 = "VENCIDO",BD!$F77,"") | S77: =IF(N77 = "VENCIDO",BD!$G77,"") | T77: =IF(AND(TODAY()>BD!$C77, OR(BD!$D77="PENDENTE", BD!$D77="")), TODAY()-BD!$C77, "")
B78: ='FEV-26'!A5 -> 0 | C78: ='FEV-26'!B5 -> 0 | D78: ='FEV-26'!C5 -> 0 | E78: ='FEV-26'!D5 -> 0 | F78: ='FEV-26'!E5 -> 0 | G78: ='FEV-26'!F5 -> 0 | H78: =IF(OR(D78 = "",D78="PENDENTE"), 0, IF(OR(D78<=C78,M78=1),G78,(G78*0.1966/100)*(D78-C78)+G78)) -> 0 | I78: FEV | J78: =IF(OR(D78="PENDENTE", D78=0, D78=""), "", UPPER(TEXT(D78, "mmm"))) | K78: =IF(OR(D78="PENDENTE", D78="", D78=0, D78=DATE(1900,1,0)), G78, 0) -> 0 | L78: =IF(K78>0, UPPER(TEXT(C78, "mmm")), "") | M78: ='FEV-26'!H5 -> 0 | N78: =IF(BD!$C78="","",IF(AND(TODAY()>BD!$C78,OR(BD!$D78="PENDENTE",BD!$D78="")),"VENCIDO","")) | O78: =IF(N78 = "VENCIDO",BD!$B78,"") | P78: =IF(N78 = "VENCIDO",BD!$C78,"") | Q78: =IF(N78 = "VENCIDO",BD!$E78,"") | R78: =IF(N78 = "VENCIDO",BD!$F78,"") | S78: =IF(N78 = "VENCIDO",BD!$G78,"") | T78: =IF(AND(TODAY()>BD!$C78, OR(BD!$D78="PENDENTE", BD!$D78="")), TODAY()-BD!$C78, "")
B79: ='FEV-26'!A6 -> 0 | C79: ='FEV-26'!B6 -> 0 | D79: ='FEV-26'!C6 -> 0 | E79: ='FEV-26'!D6 -> 0 | F79: ='FEV-26'!E6 -> 0 | G79: ='FEV-26'!F6 -> 0 | H79: =IF(OR(D79 = "",D79="PENDENTE"), 0, IF(OR(D79<=C79,M79=1),G79,(G79*0.1966/100)*(D79-C79)+G79)) -> 0 | I79: FEV | J79: =IF(OR(D79="PENDENTE", D79=0, D79=""), "", UPPER(TEXT(D79, "mmm"))) | K79: =IF(OR(D79="PENDENTE", D79="", D79=0, D79=DATE(1900,1,0)), G79, 0) -> 0 | L79: =IF(K79>0, UPPER(TEXT(C79, "mmm")), "") | M79: ='FEV-26'!H6 -> 0 | N79: =IF(BD!$C79="","",IF(AND(TODAY()>BD!$C79,OR(BD!$D79="PENDENTE",BD!$D79="")),"VENCIDO","")) | O79: =IF(N79 = "VENCIDO",BD!$B79,"") | P79: =IF(N79 = "VENCIDO",BD!$C79,"") | Q79: =IF(N79 = "VENCIDO",BD!$E79,"") | R79: =IF(N79 = "VENCIDO",BD!$F79,"") | S79: =IF(N79 = "VENCIDO",BD!$G79,"") | T79: =IF(AND(TODAY()>BD!$C79, OR(BD!$D79="PENDENTE", BD!$D79="")), TODAY()-BD!$C79, "")
B80: ='FEV-26'!A7 -> 0 | C80: ='FEV-26'!B7 -> 0 | D80: ='FEV-26'!C7 -> 0 | E80: ='FEV-26'!D7 -> 0 | F80: ='FEV-26'!E7 -> 0 | G80: ='FEV-26'!F7 -> 0 | H80: =IF(OR(D80 = "",D80="PENDENTE"), 0, IF(OR(D80<=C80,M80=1),G80,(G80*0.1966/100)*(D80-C80)+G80)) -> 0 | I80: FEV | J80: =IF(OR(D80="PENDENTE", D80=0, D80=""), "", UPPER(TEXT(D80, "mmm"))) | K80: =IF(OR(D80="PENDENTE", D80="", D80=0, D80=DATE(1900,1,0)), G80, 0) -> 0 | L80: =IF(K80>0, UPPER(TEXT(C80, "mmm")), "") | M80: ='FEV-26'!H7 -> 0 | N80: =IF(BD!$C80="","",IF(AND(TODAY()>BD!$C80,OR(BD!$D80="PENDENTE",BD!$D80="")),"VENCIDO","")) | O80: =IF(N80 = "VENCIDO",BD!$B80,"") | P80: =IF(N80 = "VENCIDO",BD!$C80,"") | Q80: =IF(N80 = "VENCIDO",BD!$E80,"") | R80: =IF(N80 = "VENCIDO",BD!$F80,"") | S80: =IF(N80 = "VENCIDO",BD!$G80,"") | T80: =IF(AND(TODAY()>BD!$C80, OR(BD!$D80="PENDENTE", BD!$D80="")), TODAY()-BD!$C80, "")
B81: ='FEV-26'!A8 -> 0 | C81: ='FEV-26'!B8 -> 0 | D81: ='FEV-26'!C8 -> 0 | E81: ='FEV-26'!D8 -> 0 | F81: ='FEV-26'!E8 -> 0 | G81: ='FEV-26'!F8 -> 0 | H81: =IF(OR(D81 = "",D81="PENDENTE"), 0, IF(OR(D81<=C81,M81=1),G81,(G81*0.1966/100)*(D81-C81)+G81)) -> 0 | I81: FEV | J81: =IF(OR(D81="PENDENTE", D81=0, D81=""), "", UPPER(TEXT(D81, "mmm"))) | K81: =IF(OR(D81="PENDENTE", D81="", D81=0, D81=DATE(1900,1,0)), G81, 0) -> 0 | L81: =IF(K81>0, UPPER(TEXT(C81, "mmm")), "") | M81: ='FEV-26'!H8 -> 0 | N81: =IF(BD!$C81="","",IF(AND(TODAY()>BD!$C81,OR(BD!$D81="PENDENTE",BD!$D81="")),"VENCIDO","")) | O81: =IF(N81 = "VENCIDO",BD!$B81,"") | P81: =IF(N81 = "VENCIDO",BD!$C81,"") | Q81: =IF(N81 = "VENCIDO",BD!$E81,"") | R81: =IF(N81 = "VENCIDO",BD!$F81,"") | S81: =IF(N81 = "VENCIDO",BD!$G81,"") | T81: =IF(AND(TODAY()>BD!$C81, OR(BD!$D81="PENDENTE", BD!$D81="")), TODAY()-BD!$C81, "")
B82: ='FEV-26'!A9 -> 0 | C82: ='FEV-26'!B9 -> 0 | D82: ='FEV-26'!C9 -> 0 | E82: ='FEV-26'!D9 -> 0 | F82: ='FEV-26'!E9 -> 0 | G82: ='FEV-26'!F9 -> 0 | H82: =IF(OR(D82 = "",D82="PENDENTE"), 0, IF(OR(D82<=C82,M82=1),G82,(G82*0.1966/100)*(D82-C82)+G82)) -> 0 | I82: FEV | J82: =IF(OR(D82="PENDENTE", D82=0, D82=""), "", UPPER(TEXT(D82, "mmm"))) | K82: =IF(OR(D82="PENDENTE", D82="", D82=0, D82=DATE(1900,1,0)), G82, 0) -> 0 | L82: =IF(K82>0, UPPER(TEXT(C82, "mmm")), "") | M82: ='FEV-26'!H9 -> 0 | N82: =IF(BD!$C82="","",IF(AND(TODAY()>BD!$C82,OR(BD!$D82="PENDENTE",BD!$D82="")),"VENCIDO","")) | O82: =IF(N82 = "VENCIDO",BD!$B82,"") | P82: =IF(N82 = "VENCIDO",BD!$C82,"") | Q82: =IF(N82 = "VENCIDO",BD!$E82,"") | R82: =IF(N82 = "VENCIDO",BD!$F82,"") | S82: =IF(N82 = "VENCIDO",BD!$G82,"") | T82: =IF(AND(TODAY()>BD!$C82, OR(BD!$D82="PENDENTE", BD!$D82="")), TODAY()-BD!$C82, "")
B83: ='FEV-26'!A10 -> 0 | C83: ='FEV-26'!B10 -> 0 | D83: ='FEV-26'!C10 -> 0 | E83: ='FEV-26'!D10 -> 0 | F83: ='FEV-26'!E10 -> 0 | G83: ='FEV-26'!F10 -> 0 | H83: =IF(OR(D83 = "",D83="PENDENTE"), 0, IF(OR(D83<=C83,M83=1),G83,(G83*0.1966/100)*(D83-C83)+G83)) -> 0 | I83: FEV | J83: =IF(OR(D83="PENDENTE", D83=0, D83=""), "", UPPER(TEXT(D83, "mmm"))) | K83: =IF(OR(D83="PENDENTE", D83="", D83=0, D83=DATE(1900,1,0)), G83, 0) -> 0 | L83: =IF(K83>0, UPPER(TEXT(C83, "mmm")), "") | M83: ='FEV-26'!H10 -> 0 | N83: =IF(BD!$C83="","",IF(AND(TODAY()>BD!$C83,OR(BD!$D83="PENDENTE",BD!$D83="")),"VENCIDO","")) | O83: =IF(N83 = "VENCIDO",BD!$B83,"") | P83: =IF(N83 = "VENCIDO",BD!$C83,"") | Q83: =IF(N83 = "VENCIDO",BD!$E83,"") | R83: =IF(N83 = "VENCIDO",BD!$F83,"") | S83: =IF(N83 = "VENCIDO",BD!$G83,"") | T83: =IF(AND(TODAY()>BD!$C83, OR(BD!$D83="PENDENTE", BD!$D83="")), TODAY()-BD!$C83, "")
B84: ='FEV-26'!A11 -> 0 | C84: ='FEV-26'!B11 -> 0 | D84: ='FEV-26'!C11 -> 0 | E84: ='FEV-26'!D11 -> 0 | F84: ='FEV-26'!E11 -> 0 | G84: ='FEV-26'!F11 -> 0 | H84: =IF(OR(D84 = "",D84="PENDENTE"), 0, IF(OR(D84<=C84,M84=1),G84,(G84*0.1966/100)*(D84-C84)+G84)) -> 0 | I84: FEV | J84: =IF(OR(D84="PENDENTE", D84=0, D84=""), "", UPPER(TEXT(D84, "mmm"))) | K84: =IF(OR(D84="PENDENTE", D84="", D84=0, D84=DATE(1900,1,0)), G84, 0) -> 0 | L84: =IF(K84>0, UPPER(TEXT(C84, "mmm")), "") | M84: ='FEV-26'!H11 -> 0 | N84: =IF(BD!$C84="","",IF(AND(TODAY()>BD!$C84,OR(BD!$D84="PENDENTE",BD!$D84="")),"VENCIDO","")) | O84: =IF(N84 = "VENCIDO",BD!$B84,"") | P84: =IF(N84 = "VENCIDO",BD!$C84,"") | Q84: =IF(N84 = "VENCIDO",BD!$E84,"") | R84: =IF(N84 = "VENCIDO",BD!$F84,"") | S84: =IF(N84 = "VENCIDO",BD!$G84,"") | T84: =IF(AND(TODAY()>BD!$C84, OR(BD!$D84="PENDENTE", BD!$D84="")), TODAY()-BD!$C84, "")
B85: ='FEV-26'!A12 -> 0 | C85: ='FEV-26'!B12 -> 0 | D85: ='FEV-26'!C12 -> 0 | E85: ='FEV-26'!D12 -> 0 | F85: ='FEV-26'!E12 -> 0 | G85: ='FEV-26'!F12 -> 0 | H85: =IF(OR(D85 = "",D85="PENDENTE"), 0, IF(OR(D85<=C85,M85=1),G85,(G85*0.1966/100)*(D85-C85)+G85)) -> 0 | I85: FEV | J85: =IF(OR(D85="PENDENTE", D85=0, D85=""), "", UPPER(TEXT(D85, "mmm"))) | K85: =IF(OR(D85="PENDENTE", D85="", D85=0, D85=DATE(1900,1,0)), G85, 0) -> 0 | L85: =IF(K85>0, UPPER(TEXT(C85, "mmm")), "") | M85: ='FEV-26'!H12 -> 0 | N85: =IF(BD!$C85="","",IF(AND(TODAY()>BD!$C85,OR(BD!$D85="PENDENTE",BD!$D85="")),"VENCIDO","")) | O85: =IF(N85 = "VENCIDO",BD!$B85,"") | P85: =IF(N85 = "VENCIDO",BD!$C85,"") | Q85: =IF(N85 = "VENCIDO",BD!$E85,"") | R85: =IF(N85 = "VENCIDO",BD!$F85,"") | S85: =IF(N85 = "VENCIDO",BD!$G85,"") | T85: =IF(AND(TODAY()>BD!$C85, OR(BD!$D85="PENDENTE", BD!$D85="")), TODAY()-BD!$C85, "")
B86: ='FEV-26'!A13 -> 0 | C86: ='FEV-26'!B13 -> 0 | D86: ='FEV-26'!C13 -> 0 | E86: ='FEV-26'!D13 -> 0 | F86: ='FEV-26'!E13 -> 0 | G86: ='FEV-26'!F13 -> 0 | H86: =IF(OR(D86 = "",D86="PENDENTE"), 0, IF(OR(D86<=C86,M86=1),G86,(G86*0.1966/100)*(D86-C86)+G86)) -> 0 | I86: FEV | J86: =IF(OR(D86="PENDENTE", D86=0, D86=""), "", UPPER(TEXT(D86, "mmm"))) | K86: =IF(OR(D86="PENDENTE", D86="", D86=0, D86=DATE(1900,1,0)), G86, 0) -> 0 | L86: =IF(K86>0, UPPER(TEXT(C86, "mmm")), "") | M86: ='FEV-26'!H13 -> 0 | N86: =IF(BD!$C86="","",IF(AND(TODAY()>BD!$C86,OR(BD!$D86="PENDENTE",BD!$D86="")),"VENCIDO","")) | O86: =IF(N86 = "VENCIDO",BD!$B86,"") | P86: =IF(N86 = "VENCIDO",BD!$C86,"") | Q86: =IF(N86 = "VENCIDO",BD!$E86,"") | R86: =IF(N86 = "VENCIDO",BD!$F86,"") | S86: =IF(N86 = "VENCIDO",BD!$G86,"") | T86: =IF(AND(TODAY()>BD!$C86, OR(BD!$D86="PENDENTE", BD!$D86="")), TODAY()-BD!$C86, "")
B87: ='FEV-26'!A14 -> 0 | C87: ='FEV-26'!B14 -> 0 | D87: ='FEV-26'!C14 -> 0 | E87: ='FEV-26'!D14 -> 0 | F87: ='FEV-26'!E14 -> 0 | G87: ='FEV-26'!F14 -> 0 | H87: =IF(OR(D87 = "",D87="PENDENTE"), 0, IF(OR(D87<=C87,M87=1),G87,(G87*0.1966/100)*(D87-C87)+G87)) -> 0 | I87: FEV | J87: =IF(OR(D87="PENDENTE", D87=0, D87=""), "", UPPER(TEXT(D87, "mmm"))) | K87: =IF(OR(D87="PENDENTE", D87="", D87=0, D87=DATE(1900,1,0)), G87, 0) -> 0 | L87: =IF(K87>0, UPPER(TEXT(C87, "mmm")), "") | M87: ='FEV-26'!H14 -> 0 | N87: =IF(BD!$C87="","",IF(AND(TODAY()>BD!$C87,OR(BD!$D87="PENDENTE",BD!$D87="")),"VENCIDO","")) | O87: =IF(N87 = "VENCIDO",BD!$B87,"") | P87: =IF(N87 = "VENCIDO",BD!$C87,"") | Q87: =IF(N87 = "VENCIDO",BD!$E87,"") | R87: =IF(N87 = "VENCIDO",BD!$F87,"") | S87: =IF(N87 = "VENCIDO",BD!$G87,"") | T87: =IF(AND(TODAY()>BD!$C87, OR(BD!$D87="PENDENTE", BD!$D87="")), TODAY()-BD!$C87, "")
... B149: ='FEV-26'!A76 -> 0 | C149: ='FEV-26'!B76 -> 0 | D149: ='FEV-26'!C76 -> 0 | E149: ='FEV-26'!D76 -> 0 | F149: ='FEV-26'!E76 -> 0 | G149: ='FEV-26'!F76 -> 0 | H149: =IF(OR(D149 = "",D149="PENDENTE"), 0, IF(OR(D149<=C149,M149=1),G149,(G149*0.1966/100)*(D149-C149)+G149)) -> 0 | I149: FEV | J149: =IF(OR(D149="PENDENTE", D149=0, D149=""), "", UPPER(TEXT(D149, "mmm"))) | K149: =IF(OR(D149="PENDENTE", D149="", D149=0, D149=DATE(1900,1,0)), G149, 0) -> 0 | L149: =IF(K149>0, UPPER(TEXT(C149, "mmm")), "") | M149: ='FEV-26'!H76 -> 0 | N149: =IF(BD!$C149="","",IF(AND(TODAY()>BD!$C149,OR(BD!$D149="PENDENTE",BD!$D149="")),"VENCIDO","")) | O149: =IF(N149 = "VENCIDO",BD!$B149,"") | P149: =IF(N149 = "VENCIDO",BD!$C149,"") | Q149: =IF(N149 = "VENCIDO",BD!$E149,"") | R149: =IF(N149 = "VENCIDO",BD!$F149,"") | S149: =IF(N149 = "VENCIDO",BD!$G149,"") | T149: =IF(AND(TODAY()>BD!$C149, OR(BD!$D149="PENDENTE", BD!$D149="")), TODAY()-BD!$C149, "")
B150: ='MAR-26'!A3 -> 0 | C150: ='MAR-26'!B3 -> 0 | D150: ='MAR-26'!C3 -> 0 | E150: ='MAR-26'!D3 -> 0 | F150: ='MAR-26'!E3 -> 0 | G150: ='MAR-26'!F3 -> 0 | H150: =IF(OR(D150 = "",D150="PENDENTE"), 0, IF(OR(D150<=C150,M150=1),G150,(G150*0.1966/100)*(D150-C150)+G150)) -> 0 | I150: MAR | J150: =IF(OR(D150="PENDENTE", D150=0, D150=""), "", UPPER(TEXT(D150, "mmm"))) | K150: =IF(OR(D150="PENDENTE", D150="", D150=0, D150=DATE(1900,1,0)), G150, 0) -> 0 | L150: =IF(K150>0, UPPER(TEXT(C150, "mmm")), "") | M150: ='MAR-26'!H3 -> 0 | N150: =IF(BD!$C150="","",IF(AND(TODAY()>BD!$C150,OR(BD!$D150="PENDENTE",BD!$D150="")),"VENCIDO","")) | O150: =IF(N150 = "VENCIDO",BD!$B150,"") | P150: =IF(N150 = "VENCIDO",BD!$C150,"") | Q150: =IF(N150 = "VENCIDO",BD!$E150,"") | R150: =IF(N150 = "VENCIDO",BD!$F150,"") | S150: =IF(N150 = "VENCIDO",BD!$G150,"") | T150: =IF(AND(TODAY()>BD!$C150, OR(BD!$D150="PENDENTE", BD!$D150="")), TODAY()-BD!$C150, "")
B151: ='MAR-26'!A4 -> 0 | C151: ='MAR-26'!B4 -> 0 | D151: ='MAR-26'!C4 -> 0 | E151: ='MAR-26'!D4 -> 0 | F151: ='MAR-26'!E4 -> 0 | G151: ='MAR-26'!F4 -> 0 | H151: =IF(OR(D151 = "",D151="PENDENTE"), 0, IF(OR(D151<=C151,M151=1),G151,(G151*0.1966/100)*(D151-C151)+G151)) -> 0 | I151: MAR | J151: =IF(OR(D151="PENDENTE", D151=0, D151=""), "", UPPER(TEXT(D151, "mmm"))) | K151: =IF(OR(D151="PENDENTE", D151="", D151=0, D151=DATE(1900,1,0)), G151, 0) -> 0 | L151: =IF(K151>0, UPPER(TEXT(C151, "mmm")), "") | M151: ='MAR-26'!H4 -> 0 | N151: =IF(BD!$C151="","",IF(AND(TODAY()>BD!$C151,OR(BD!$D151="PENDENTE",BD!$D151="")),"VENCIDO","")) | O151: =IF(N151 = "VENCIDO",BD!$B151,"") | P151: =IF(N151 = "VENCIDO",BD!$C151,"") | Q151: =IF(N151 = "VENCIDO",BD!$E151,"") | R151: =IF(N151 = "VENCIDO",BD!$F151,"") | S151: =IF(N151 = "VENCIDO",BD!$G151,"") | T151: =IF(AND(TODAY()>BD!$C151, OR(BD!$D151="PENDENTE", BD!$D151="")), TODAY()-BD!$C151, "")
B152: ='MAR-26'!A5 -> 0 | C152: ='MAR-26'!B5 -> 0 | D152: ='MAR-26'!C5 -> 0 | E152: ='MAR-26'!D5 -> 0 | F152: ='MAR-26'!E5 -> 0 | G152: ='MAR-26'!F5 -> 0 | H152: =IF(OR(D152 = "",D152="PENDENTE"), 0, IF(OR(D152<=C152,M152=1),G152,(G152*0.1966/100)*(D152-C152)+G152)) -> 0 | I152: MAR | J152: =IF(OR(D152="PENDENTE", D152=0, D152=""), "", UPPER(TEXT(D152, "mmm"))) | K152: =IF(OR(D152="PENDENTE", D152="", D152=0, D152=DATE(1900,1,0)), G152, 0) -> 0 | L152: =IF(K152>0, UPPER(TEXT(C152, "mmm")), "") | M152: ='MAR-26'!H5 -> 0 | N152: =IF(BD!$C152="","",IF(AND(TODAY()>BD!$C152,OR(BD!$D152="PENDENTE",BD!$D152="")),"VENCIDO","")) | O152: =IF(N152 = "VENCIDO",BD!$B152,"") | P152: =IF(N152 = "VENCIDO",BD!$C152,"") | Q152: =IF(N152 = "VENCIDO",BD!$E152,"") | R152: =IF(N152 = "VENCIDO",BD!$F152,"") | S152: =IF(N152 = "VENCIDO",BD!$G152,"") | T152: =IF(AND(TODAY()>BD!$C152, OR(BD!$D152="PENDENTE", BD!$D152="")), TODAY()-BD!$C152, "")
B153: ='MAR-26'!A6 -> 0 | C153: ='MAR-26'!B6 -> 0 | D153: ='MAR-26'!C6 -> 0 | E153: ='MAR-26'!D6 -> 0 | F153: ='MAR-26'!E6 -> 0 | G153: ='MAR-26'!F6 -> 0 | H153: =IF(OR(D153 = "",D153="PENDENTE"), 0, IF(OR(D153<=C153,M153=1),G153,(G153*0.1966/100)*(D153-C153)+G153)) -> 0 | I153: MAR | J153: =IF(OR(D153="PENDENTE", D153=0, D153=""), "", UPPER(TEXT(D153, "mmm"))) | K153: =IF(OR(D153="PENDENTE", D153="", D153=0, D153=DATE(1900,1,0)), G153, 0) -> 0 | L153: =IF(K153>0, UPPER(TEXT(C153, "mmm")), "") | M153: ='MAR-26'!H6 -> 0 | N153: =IF(BD!$C153="","",IF(AND(TODAY()>BD!$C153,OR(BD!$D153="PENDENTE",BD!$D153="")),"VENCIDO","")) | O153: =IF(N153 = "VENCIDO",BD!$B153,"") | P153: =IF(N153 = "VENCIDO",BD!$C153,"") | Q153: =IF(N153 = "VENCIDO",BD!$E153,"") | R153: =IF(N153 = "VENCIDO",BD!$F153,"") | S153: =IF(N153 = "VENCIDO",BD!$G153,"") | T153: =IF(AND(TODAY()>BD!$C153, OR(BD!$D153="PENDENTE", BD!$D153="")), TODAY()-BD!$C153, "")
B154: ='MAR-26'!A7 -> 0 | C154: ='MAR-26'!B7 -> 0 | D154: ='MAR-26'!C7 -> 0 | E154: ='MAR-26'!D7 -> 0 | F154: ='MAR-26'!E7 -> 0 | G154: ='MAR-26'!F7 -> 0 | H154: =IF(OR(D154 = "",D154="PENDENTE"), 0, IF(OR(D154<=C154,M154=1),G154,(G154*0.1966/100)*(D154-C154)+G154)) -> 0 | I154: MAR | J154: =IF(OR(D154="PENDENTE", D154=0, D154=""), "", UPPER(TEXT(D154, "mmm"))) | K154: =IF(OR(D154="PENDENTE", D154="", D154=0, D154=DATE(1900,1,0)), G154, 0) -> 0 | L154: =IF(K154>0, UPPER(TEXT(C154, "mmm")), "") | M154: ='MAR-26'!H7 -> 0 | N154: =IF(BD!$C154="","",IF(AND(TODAY()>BD!$C154,OR(BD!$D154="PENDENTE",BD!$D154="")),"VENCIDO","")) | O154: =IF(N154 = "VENCIDO",BD!$B154,"") | P154: =IF(N154 = "VENCIDO",BD!$C154,"") | Q154: =IF(N154 = "VENCIDO",BD!$E154,"") | R154: =IF(N154 = "VENCIDO",BD!$F154,"") | S154: =IF(N154 = "VENCIDO",BD!$G154,"") | T154: =IF(AND(TODAY()>BD!$C154, OR(BD!$D154="PENDENTE", BD!$D154="")), TODAY()-BD!$C154, "")
B155: ='MAR-26'!A8 -> 0 | C155: ='MAR-26'!B8 -> 0 | D155: ='MAR-26'!C8 -> 0 | E155: ='MAR-26'!D8 -> 0 | F155: ='MAR-26'!E8 -> 0 | G155: ='MAR-26'!F8 -> 0 | H155: =IF(OR(D155 = "",D155="PENDENTE"), 0, IF(OR(D155<=C155,M155=1),G155,(G155*0.1966/100)*(D155-C155)+G155)) -> 0 | I155: MAR | J155: =IF(OR(D155="PENDENTE", D155=0, D155=""), "", UPPER(TEXT(D155, "mmm"))) | K155: =IF(OR(D155="PENDENTE", D155="", D155=0, D155=DATE(1900,1,0)), G155, 0) -> 0 | L155: =IF(K155>0, UPPER(TEXT(C155, "mmm")), "") | M155: ='MAR-26'!H8 -> 0 | N155: =IF(BD!$C155="","",IF(AND(TODAY()>BD!$C155,OR(BD!$D155="PENDENTE",BD!$D155="")),"VENCIDO","")) | O155: =IF(N155 = "VENCIDO",BD!$B155,"") | P155: =IF(N155 = "VENCIDO",BD!$C155,"") | Q155: =IF(N155 = "VENCIDO",BD!$E155,"") | R155: =IF(N155 = "VENCIDO",BD!$F155,"") | S155: =IF(N155 = "VENCIDO",BD!$G155,"") | T155: =IF(AND(TODAY()>BD!$C155, OR(BD!$D155="PENDENTE", BD!$D155="")), TODAY()-BD!$C155, "")
B156: ='MAR-26'!A9 -> 0 | C156: ='MAR-26'!B9 -> 0 | D156: ='MAR-26'!C9 -> 0 | E156: ='MAR-26'!D9 -> 0 | F156: ='MAR-26'!E9 -> 0 | G156: ='MAR-26'!F9 -> 0 | H156: =IF(OR(D156 = "",D156="PENDENTE"), 0, IF(OR(D156<=C156,M156=1),G156,(G156*0.1966/100)*(D156-C156)+G156)) -> 0 | I156: MAR | J156: =IF(OR(D156="PENDENTE", D156=0, D156=""), "", UPPER(TEXT(D156, "mmm"))) | K156: =IF(OR(D156="PENDENTE", D156="", D156=0, D156=DATE(1900,1,0)), G156, 0) -> 0 | L156: =IF(K156>0, UPPER(TEXT(C156, "mmm")), "") | M156: ='MAR-26'!H9 -> 0 | N156: =IF(BD!$C156="","",IF(AND(TODAY()>BD!$C156,OR(BD!$D156="PENDENTE",BD!$D156="")),"VENCIDO","")) | O156: =IF(N156 = "VENCIDO",BD!$B156,"") | P156: =IF(N156 = "VENCIDO",BD!$C156,"") | Q156: =IF(N156 = "VENCIDO",BD!$E156,"") | R156: =IF(N156 = "VENCIDO",BD!$F156,"") | S156: =IF(N156 = "VENCIDO",BD!$G156,"") | T156: =IF(AND(TODAY()>BD!$C156, OR(BD!$D156="PENDENTE", BD!$D156="")), TODAY()-BD!$C156, "")
B157: ='MAR-26'!A10 -> 0 | C157: ='MAR-26'!B10 -> 0 | D157: ='MAR-26'!C10 -> 0 | E157: ='MAR-26'!D10 -> 0 | F157: ='MAR-26'!E10 -> 0 | G157: ='MAR-26'!F10 -> 0 | H157: =IF(OR(D157 = "",D157="PENDENTE"), 0, IF(OR(D157<=C157,M157=1),G157,(G157*0.1966/100)*(D157-C157)+G157)) -> 0 | I157: MAR | J157: =IF(OR(D157="PENDENTE", D157=0, D157=""), "", UPPER(TEXT(D157, "mmm"))) | K157: =IF(OR(D157="PENDENTE", D157="", D157=0, D157=DATE(1900,1,0)), G157, 0) -> 0 | L157: =IF(K157>0, UPPER(TEXT(C157, "mmm")), "") | M157: ='MAR-26'!H10 -> 0 | N157: =IF(BD!$C157="","",IF(AND(TODAY()>BD!$C157,OR(BD!$D157="PENDENTE",BD!$D157="")),"VENCIDO","")) | O157: =IF(N157 = "VENCIDO",BD!$B157,"") | P157: =IF(N157 = "VENCIDO",BD!$C157,"") | Q157: =IF(N157 = "VENCIDO",BD!$E157,"") | R157: =IF(N157 = "VENCIDO",BD!$F157,"") | S157: =IF(N157 = "VENCIDO",BD!$G157,"") | T157: =IF(AND(TODAY()>BD!$C157, OR(BD!$D157="PENDENTE", BD!$D157="")), TODAY()-BD!$C157, "")
B158: ='MAR-26'!A11 -> 0 | C158: ='MAR-26'!B11 -> 0 | D158: ='MAR-26'!C11 -> 0 | E158: ='MAR-26'!D11 -> 0 | F158: ='MAR-26'!E11 -> 0 | G158: ='MAR-26'!F11 -> 0 | H158: =IF(OR(D158 = "",D158="PENDENTE"), 0, IF(OR(D158<=C158,M158=1),G158,(G158*0.1966/100)*(D158-C158)+G158)) -> 0 | I158: MAR | J158: =IF(OR(D158="PENDENTE", D158=0, D158=""), "", UPPER(TEXT(D158, "mmm"))) | K158: =IF(OR(D158="PENDENTE", D158="", D158=0, D158=DATE(1900,1,0)), G158, 0) -> 0 | L158: =IF(K158>0, UPPER(TEXT(C158, "mmm")), "") | M158: ='MAR-26'!H11 -> 0 | N158: =IF(BD!$C158="","",IF(AND(TODAY()>BD!$C158,OR(BD!$D158="PENDENTE",BD!$D158="")),"VENCIDO","")) | O158: =IF(N158 = "VENCIDO",BD!$B158,"") | P158: =IF(N158 = "VENCIDO",BD!$C158,"") | Q158: =IF(N158 = "VENCIDO",BD!$E158,"") | R158: =IF(N158 = "VENCIDO",BD!$F158,"") | S158: =IF(N158 = "VENCIDO",BD!$G158,"") | T158: =IF(AND(TODAY()>BD!$C158, OR(BD!$D158="PENDENTE", BD!$D158="")), TODAY()-BD!$C158, "")
B159: ='MAR-26'!A12 -> 0 | C159: ='MAR-26'!B12 -> 0 | D159: ='MAR-26'!C12 -> 0 | E159: ='MAR-26'!D12 -> 0 | F159: ='MAR-26'!E12 -> 0 | G159: ='MAR-26'!F12 -> 0 | H159: =IF(OR(D159 = "",D159="PENDENTE"), 0, IF(OR(D159<=C159,M159=1),G159,(G159*0.1966/100)*(D159-C159)+G159)) -> 0 | I159: MAR | J159: =IF(OR(D159="PENDENTE", D159=0, D159=""), "", UPPER(TEXT(D159, "mmm"))) | K159: =IF(OR(D159="PENDENTE", D159="", D159=0, D159=DATE(1900,1,0)), G159, 0) -> 0 | L159: =IF(K159>0, UPPER(TEXT(C159, "mmm")), "") | M159: ='MAR-26'!H12 -> 0 | N159: =IF(BD!$C159="","",IF(AND(TODAY()>BD!$C159,OR(BD!$D159="PENDENTE",BD!$D159="")),"VENCIDO","")) | O159: =IF(N159 = "VENCIDO",BD!$B159,"") | P159: =IF(N159 = "VENCIDO",BD!$C159,"") | Q159: =IF(N159 = "VENCIDO",BD!$E159,"") | R159: =IF(N159 = "VENCIDO",BD!$F159,"") | S159: =IF(N159 = "VENCIDO",BD!$G159,"") | T159: =IF(AND(TODAY()>BD!$C159, OR(BD!$D159="PENDENTE", BD!$D159="")), TODAY()-BD!$C159, "")
B160: ='MAR-26'!A13 -> 0 | C160: ='MAR-26'!B13 -> 0 | D160: ='MAR-26'!C13 -> 0 | E160: ='MAR-26'!D13 -> 0 | F160: ='MAR-26'!E13 -> 0 | G160: ='MAR-26'!F13 -> 0 | H160: =IF(OR(D160 = "",D160="PENDENTE"), 0, IF(OR(D160<=C160,M160=1),G160,(G160*0.1966/100)*(D160-C160)+G160)) -> 0 | I160: MAR | J160: =IF(OR(D160="PENDENTE", D160=0, D160=""), "", UPPER(TEXT(D160, "mmm"))) | K160: =IF(OR(D160="PENDENTE", D160="", D160=0, D160=DATE(1900,1,0)), G160, 0) -> 0 | L160: =IF(K160>0, UPPER(TEXT(C160, "mmm")), "") | M160: ='MAR-26'!H13 -> 0 | N160: =IF(BD!$C160="","",IF(AND(TODAY()>BD!$C160,OR(BD!$D160="PENDENTE",BD!$D160="")),"VENCIDO","")) | O160: =IF(N160 = "VENCIDO",BD!$B160,"") | P160: =IF(N160 = "VENCIDO",BD!$C160,"") | Q160: =IF(N160 = "VENCIDO",BD!$E160,"") | R160: =IF(N160 = "VENCIDO",BD!$F160,"") | S160: =IF(N160 = "VENCIDO",BD!$G160,"") | T160: =IF(AND(TODAY()>BD!$C160, OR(BD!$D160="PENDENTE", BD!$D160="")), TODAY()-BD!$C160, "")
B161: ='MAR-26'!A14 -> 0 | C161: ='MAR-26'!B14 -> 0 | D161: ='MAR-26'!C14 -> 0 | E161: ='MAR-26'!D14 -> 0 | F161: ='MAR-26'!E14 -> 0 | G161: ='MAR-26'!F14 -> 0 | H161: =IF(OR(D161 = "",D161="PENDENTE"), 0, IF(OR(D161<=C161,M161=1),G161,(G161*0.1966/100)*(D161-C161)+G161)) -> 0 | I161: MAR | J161: =IF(OR(D161="PENDENTE", D161=0, D161=""), "", UPPER(TEXT(D161, "mmm"))) | K161: =IF(OR(D161="PENDENTE", D161="", D161=0, D161=DATE(1900,1,0)), G161, 0) -> 0 | L161: =IF(K161>0, UPPER(TEXT(C161, "mmm")), "") | M161: ='MAR-26'!H14 -> 0 | N161: =IF(BD!$C161="","",IF(AND(TODAY()>BD!$C161,OR(BD!$D161="PENDENTE",BD!$D161="")),"VENCIDO","")) | O161: =IF(N161 = "VENCIDO",BD!$B161,"") | P161: =IF(N161 = "VENCIDO",BD!$C161,"") | Q161: =IF(N161 = "VENCIDO",BD!$E161,"") | R161: =IF(N161 = "VENCIDO",BD!$F161,"") | S161: =IF(N161 = "VENCIDO",BD!$G161,"") | T161: =IF(AND(TODAY()>BD!$C161, OR(BD!$D161="PENDENTE", BD!$D161="")), TODAY()-BD!$C161, "")
... B223: ='MAR-26'!A76 -> 0 | C223: ='MAR-26'!B76 -> 0 | D223: ='MAR-26'!C76 -> 0 | E223: ='MAR-26'!D76 -> 0 | F223: ='MAR-26'!E76 -> 0 | G223: ='MAR-26'!F76 -> 0 | H223: =IF(OR(D223 = "",D223="PENDENTE"), 0, IF(OR(D223<=C223,M223=1),G223,(G223*0.1966/100)*(D223-C223)+G223)) -> 0 | I223: MAR | J223: =IF(OR(D223="PENDENTE", D223=0, D223=""), "", UPPER(TEXT(D223, "mmm"))) | K223: =IF(OR(D223="PENDENTE", D223="", D223=0, D223=DATE(1900,1,0)), G223, 0) -> 0 | L223: =IF(K223>0, UPPER(TEXT(C223, "mmm")), "") | M223: ='MAR-26'!H76 -> 0 | N223: =IF(BD!$C223="","",IF(AND(TODAY()>BD!$C223,OR(BD!$D223="PENDENTE",BD!$D223="")),"VENCIDO","")) | O223: =IF(N223 = "VENCIDO",BD!$B223,"") | P223: =IF(N223 = "VENCIDO",BD!$C223,"") | Q223: =IF(N223 = "VENCIDO",BD!$E223,"") | R223: =IF(N223 = "VENCIDO",BD!$F223,"") | S223: =IF(N223 = "VENCIDO",BD!$G223,"") | T223: =IF(AND(TODAY()>BD!$C223, OR(BD!$D223="PENDENTE", BD!$D223="")), TODAY()-BD!$C223, "")
B224: ='ABR-26'!A3 -> 0 | C224: ='ABR-26'!B3 -> 0 | D224: ='ABR-26'!C3 -> 0 | E224: ='ABR-26'!D3 -> 0 | F224: ='ABR-26'!E3 -> 0 | G224: ='ABR-26'!F3 -> 0 | H224: =IF(OR(D224 = "",D224="PENDENTE"), 0, IF(OR(D224<=C224,M224=1),G224,(G224*0.1966/100)*(D224-C224)+G224)) -> 0 | I224: ABR | J224: =IF(OR(D224="PENDENTE", D224=0, D224=""), "", UPPER(TEXT(D224, "mmm"))) | K224: =IF(OR(D224="PENDENTE", D224="", D224=0, D224=DATE(1900,1,0)), G224, 0) -> 0 | L224: =IF(K224>0, UPPER(TEXT(C224, "mmm")), "") | M224: ='ABR-26'!H3 -> 0 | N224: =IF(BD!$C224="","",IF(AND(TODAY()>BD!$C224,OR(BD!$D224="PENDENTE",BD!$D224="")),"VENCIDO","")) | O224: =IF(N224 = "VENCIDO",BD!$B224,"") | P224: =IF(N224 = "VENCIDO",BD!$C224,"") | Q224: =IF(N224 = "VENCIDO",BD!$E224,"") | R224: =IF(N224 = "VENCIDO",BD!$F224,"") | S224: =IF(N224 = "VENCIDO",BD!$G224,"") | T224: =IF(AND(TODAY()>BD!$C224, OR(BD!$D224="PENDENTE", BD!$D224="")), TODAY()-BD!$C224, "")
B225: ='ABR-26'!A4 -> 0 | C225: ='ABR-26'!B4 -> 0 | D225: ='ABR-26'!C4 -> 0 | E225: ='ABR-26'!D4 -> 0 | F225: ='ABR-26'!E4 -> 0 | G225: ='ABR-26'!F4 -> 0 | H225: =IF(OR(D225 = "",D225="PENDENTE"), 0, IF(OR(D225<=C225,M225=1),G225,(G225*0.1966/100)*(D225-C225)+G225)) -> 0 | I225: ABR | J225: =IF(OR(D225="PENDENTE", D225=0, D225=""), "", UPPER(TEXT(D225, "mmm"))) | K225: =IF(OR(D225="PENDENTE", D225="", D225=0, D225=DATE(1900,1,0)), G225, 0) -> 0 | L225: =IF(K225>0, UPPER(TEXT(C225, "mmm")), "") | M225: ='ABR-26'!H4 -> 0 | N225: =IF(BD!$C225="","",IF(AND(TODAY()>BD!$C225,OR(BD!$D225="PENDENTE",BD!$D225="")),"VENCIDO","")) | O225: =IF(N225 = "VENCIDO",BD!$B225,"") | P225: =IF(N225 = "VENCIDO",BD!$C225,"") | Q225: =IF(N225 = "VENCIDO",BD!$E225,"") | R225: =IF(N225 = "VENCIDO",BD!$F225,"") | S225: =IF(N225 = "VENCIDO",BD!$G225,"") | T225: =IF(AND(TODAY()>BD!$C225, OR(BD!$D225="PENDENTE", BD!$D225="")), TODAY()-BD!$C225, "")
B226: ='ABR-26'!A5 -> 0 | C226: ='ABR-26'!B5 -> 0 | D226: ='ABR-26'!C5 -> 0 | E226: ='ABR-26'!D5 -> 0 | F226: ='ABR-26'!E5 -> 0 | G226: ='ABR-26'!F5 -> 0 | H226: =IF(OR(D226 = "",D226="PENDENTE"), 0, IF(OR(D226<=C226,M226=1),G226,(G226*0.1966/100)*(D226-C226)+G226)) -> 0 | I226: ABR | J226: =IF(OR(D226="PENDENTE", D226=0, D226=""), "", UPPER(TEXT(D226, "mmm"))) | K226: =IF(OR(D226="PENDENTE", D226="", D226=0, D226=DATE(1900,1,0)), G226, 0) -> 0 | L226: =IF(K226>0, UPPER(TEXT(C226, "mmm")), "") | M226: ='ABR-26'!H5 -> 0 | N226: =IF(BD!$C226="","",IF(AND(TODAY()>BD!$C226,OR(BD!$D226="PENDENTE",BD!$D226="")),"VENCIDO","")) | O226: =IF(N226 = "VENCIDO",BD!$B226,"") | P226: =IF(N226 = "VENCIDO",BD!$C226,"") | Q226: =IF(N226 = "VENCIDO",BD!$E226,"") | R226: =IF(N226 = "VENCIDO",BD!$F226,"") | S226: =IF(N226 = "VENCIDO",BD!$G226,"") | T226: =IF(AND(TODAY()>BD!$C226, OR(BD!$D226="PENDENTE", BD!$D226="")), TODAY()-BD!$C226, "")
B227: ='ABR-26'!A6 -> 0 | C227: ='ABR-26'!B6 -> 0 | D227: ='ABR-26'!C6 -> 0 | E227: ='ABR-26'!D6 -> 0 | F227: ='ABR-26'!E6 -> 0 | G227: ='ABR-26'!F6 -> 0 | H227: =IF(OR(D227 = "",D227="PENDENTE"), 0, IF(OR(D227<=C227,M227=1),G227,(G227*0.1966/100)*(D227-C227)+G227)) -> 0 | I227: ABR | J227: =IF(OR(D227="PENDENTE", D227=0, D227=""), "", UPPER(TEXT(D227, "mmm"))) | K227: =IF(OR(D227="PENDENTE", D227="", D227=0, D227=DATE(1900,1,0)), G227, 0) -> 0 | L227: =IF(K227>0, UPPER(TEXT(C227, "mmm")), "") | M227: ='ABR-26'!H6 -> 0 | N227: =IF(BD!$C227="","",IF(AND(TODAY()>BD!$C227,OR(BD!$D227="PENDENTE",BD!$D227="")),"VENCIDO","")) | O227: =IF(N227 = "VENCIDO",BD!$B227,"") | P227: =IF(N227 = "VENCIDO",BD!$C227,"") | Q227: =IF(N227 = "VENCIDO",BD!$E227,"") | R227: =IF(N227 = "VENCIDO",BD!$F227,"") | S227: =IF(N227 = "VENCIDO",BD!$G227,"") | T227: =IF(AND(TODAY()>BD!$C227, OR(BD!$D227="PENDENTE", BD!$D227="")), TODAY()-BD!$C227, "")
B228: ='ABR-26'!A7 -> 0 | C228: ='ABR-26'!B7 -> 0 | D228: ='ABR-26'!C7 -> 0 | E228: ='ABR-26'!D7 -> 0 | F228: ='ABR-26'!E7 -> 0 | G228: ='ABR-26'!F7 -> 0 | H228: =IF(OR(D228 = "",D228="PENDENTE"), 0, IF(OR(D228<=C228,M228=1),G228,(G228*0.1966/100)*(D228-C228)+G228)) -> 0 | I228: ABR | J228: =IF(OR(D228="PENDENTE", D228=0, D228=""), "", UPPER(TEXT(D228, "mmm"))) | K228: =IF(OR(D228="PENDENTE", D228="", D228=0, D228=DATE(1900,1,0)), G228, 0) -> 0 | L228: =IF(K228>0, UPPER(TEXT(C228, "mmm")), "") | M228: ='ABR-26'!H7 -> 0 | N228: =IF(BD!$C228="","",IF(AND(TODAY()>BD!$C228,OR(BD!$D228="PENDENTE",BD!$D228="")),"VENCIDO","")) | O228: =IF(N228 = "VENCIDO",BD!$B228,"") | P228: =IF(N228 = "VENCIDO",BD!$C228,"") | Q228: =IF(N228 = "VENCIDO",BD!$E228,"") | R228: =IF(N228 = "VENCIDO",BD!$F228,"") | S228: =IF(N228 = "VENCIDO",BD!$G228,"") | T228: =IF(AND(TODAY()>BD!$C228, OR(BD!$D228="PENDENTE", BD!$D228="")), TODAY()-BD!$C228, "")
B229: ='ABR-26'!A8 -> 0 | C229: ='ABR-26'!B8 -> 0 | D229: ='ABR-26'!C8 -> 0 | E229: ='ABR-26'!D8 -> 0 | F229: ='ABR-26'!E8 -> 0 | G229: ='ABR-26'!F8 -> 0 | H229: =IF(OR(D229 = "",D229="PENDENTE"), 0, IF(OR(D229<=C229,M229=1),G229,(G229*0.1966/100)*(D229-C229)+G229)) -> 0 | I229: ABR | J229: =IF(OR(D229="PENDENTE", D229=0, D229=""), "", UPPER(TEXT(D229, "mmm"))) | K229: =IF(OR(D229="PENDENTE", D229="", D229=0, D229=DATE(1900,1,0)), G229, 0) -> 0 | L229: =IF(K229>0, UPPER(TEXT(C229, "mmm")), "") | M229: ='ABR-26'!H8 -> 0 | N229: =IF(BD!$C229="","",IF(AND(TODAY()>BD!$C229,OR(BD!$D229="PENDENTE",BD!$D229="")),"VENCIDO","")) | O229: =IF(N229 = "VENCIDO",BD!$B229,"") | P229: =IF(N229 = "VENCIDO",BD!$C229,"") | Q229: =IF(N229 = "VENCIDO",BD!$E229,"") | R229: =IF(N229 = "VENCIDO",BD!$F229,"") | S229: =IF(N229 = "VENCIDO",BD!$G229,"") | T229: =IF(AND(TODAY()>BD!$C229, OR(BD!$D229="PENDENTE", BD!$D229="")), TODAY()-BD!$C229, "")
B230: ='ABR-26'!A9 -> 0 | C230: ='ABR-26'!B9 -> 0 | D230: ='ABR-26'!C9 -> 0 | E230: ='ABR-26'!D9 -> 0 | F230: ='ABR-26'!E9 -> 0 | G230: ='ABR-26'!F9 -> 0 | H230: =IF(OR(D230 = "",D230="PENDENTE"), 0, IF(OR(D230<=C230,M230=1),G230,(G230*0.1966/100)*(D230-C230)+G230)) -> 0 | I230: ABR | J230: =IF(OR(D230="PENDENTE", D230=0, D230=""), "", UPPER(TEXT(D230, "mmm"))) | K230: =IF(OR(D230="PENDENTE", D230="", D230=0, D230=DATE(1900,1,0)), G230, 0) -> 0 | L230: =IF(K230>0, UPPER(TEXT(C230, "mmm")), "") | M230: ='ABR-26'!H9 -> 0 | N230: =IF(BD!$C230="","",IF(AND(TODAY()>BD!$C230,OR(BD!$D230="PENDENTE",BD!$D230="")),"VENCIDO","")) | O230: =IF(N230 = "VENCIDO",BD!$B230,"") | P230: =IF(N230 = "VENCIDO",BD!$C230,"") | Q230: =IF(N230 = "VENCIDO",BD!$E230,"") | R230: =IF(N230 = "VENCIDO",BD!$F230,"") | S230: =IF(N230 = "VENCIDO",BD!$G230,"") | T230: =IF(AND(TODAY()>BD!$C230, OR(BD!$D230="PENDENTE", BD!$D230="")), TODAY()-BD!$C230, "")
B231: ='ABR-26'!A10 -> 0 | C231: ='ABR-26'!B10 -> 0 | D231: ='ABR-26'!C10 -> 0 | E231: ='ABR-26'!D10 -> 0 | F231: ='ABR-26'!E10 -> 0 | G231: ='ABR-26'!F10 -> 0 | H231: =IF(OR(D231 = "",D231="PENDENTE"), 0, IF(OR(D231<=C231,M231=1),G231,(G231*0.1966/100)*(D231-C231)+G231)) -> 0 | I231: ABR | J231: =IF(OR(D231="PENDENTE", D231=0, D231=""), "", UPPER(TEXT(D231, "mmm"))) | K231: =IF(OR(D231="PENDENTE", D231="", D231=0, D231=DATE(1900,1,0)), G231, 0) -> 0 | L231: =IF(K231>0, UPPER(TEXT(C231, "mmm")), "") | M231: ='ABR-26'!H10 -> 0 | N231: =IF(BD!$C231="","",IF(AND(TODAY()>BD!$C231,OR(BD!$D231="PENDENTE",BD!$D231="")),"VENCIDO","")) | O231: =IF(N231 = "VENCIDO",BD!$B231,"") | P231: =IF(N231 = "VENCIDO",BD!$C231,"") | Q231: =IF(N231 = "VENCIDO",BD!$E231,"") | R231: =IF(N231 = "VENCIDO",BD!$F231,"") | S231: =IF(N231 = "VENCIDO",BD!$G231,"") | T231: =IF(AND(TODAY()>BD!$C231, OR(BD!$D231="PENDENTE", BD!$D231="")), TODAY()-BD!$C231, "")
B232: ='ABR-26'!A11 -> 0 | C232: ='ABR-26'!B11 -> 0 | D232: ='ABR-26'!C11 -> 0 | E232: ='ABR-26'!D11 -> 0 | F232: ='ABR-26'!E11 -> 0 | G232: ='ABR-26'!F11 -> 0 | H232: =IF(OR(D232 = "",D232="PENDENTE"), 0, IF(OR(D232<=C232,M232=1),G232,(G232*0.1966/100)*(D232-C232)+G232)) -> 0 | I232: ABR | J232: =IF(OR(D232="PENDENTE", D232=0, D232=""), "", UPPER(TEXT(D232, "mmm"))) | K232: =IF(OR(D232="PENDENTE", D232="", D232=0, D232=DATE(1900,1,0)), G232, 0) -> 0 | L232: =IF(K232>0, UPPER(TEXT(C232, "mmm")), "") | M232: ='ABR-26'!H11 -> 0 | N232: =IF(BD!$C232="","",IF(AND(TODAY()>BD!$C232,OR(BD!$D232="PENDENTE",BD!$D232="")),"VENCIDO","")) | O232: =IF(N232 = "VENCIDO",BD!$B232,"") | P232: =IF(N232 = "VENCIDO",BD!$C232,"") | Q232: =IF(N232 = "VENCIDO",BD!$E232,"") | R232: =IF(N232 = "VENCIDO",BD!$F232,"") | S232: =IF(N232 = "VENCIDO",BD!$G232,"") | T232: =IF(AND(TODAY()>BD!$C232, OR(BD!$D232="PENDENTE", BD!$D232="")), TODAY()-BD!$C232, "")
B233: ='ABR-26'!A12 -> 0 | C233: ='ABR-26'!B12 -> 0 | D233: ='ABR-26'!C12 -> 0 | E233: ='ABR-26'!D12 -> 0 | F233: ='ABR-26'!E12 -> 0 | G233: ='ABR-26'!F12 -> 0 | H233: =IF(OR(D233 = "",D233="PENDENTE"), 0, IF(OR(D233<=C233,M233=1),G233,(G233*0.1966/100)*(D233-C233)+G233)) -> 0 | I233: ABR | J233: =IF(OR(D233="PENDENTE", D233=0, D233=""), "", UPPER(TEXT(D233, "mmm"))) | K233: =IF(OR(D233="PENDENTE", D233="", D233=0, D233=DATE(1900,1,0)), G233, 0) -> 0 | L233: =IF(K233>0, UPPER(TEXT(C233, "mmm")), "") | M233: ='ABR-26'!H12 -> 0 | N233: =IF(BD!$C233="","",IF(AND(TODAY()>BD!$C233,OR(BD!$D233="PENDENTE",BD!$D233="")),"VENCIDO","")) | O233: =IF(N233 = "VENCIDO",BD!$B233,"") | P233: =IF(N233 = "VENCIDO",BD!$C233,"") | Q233: =IF(N233 = "VENCIDO",BD!$E233,"") | R233: =IF(N233 = "VENCIDO",BD!$F233,"") | S233: =IF(N233 = "VENCIDO",BD!$G233,"") | T233: =IF(AND(TODAY()>BD!$C233, OR(BD!$D233="PENDENTE", BD!$D233="")), TODAY()-BD!$C233, "")
B234: ='ABR-26'!A13 -> 0 | C234: ='ABR-26'!B13 -> 0 | D234: ='ABR-26'!C13 -> 0 | E234: ='ABR-26'!D13 -> 0 | F234: ='ABR-26'!E13 -> 0 | G234: ='ABR-26'!F13 -> 0 | H234: =IF(OR(D234 = "",D234="PENDENTE"), 0, IF(OR(D234<=C234,M234=1),G234,(G234*0.1966/100)*(D234-C234)+G234)) -> 0 | I234: ABR | J234: =IF(OR(D234="PENDENTE", D234=0, D234=""), "", UPPER(TEXT(D234, "mmm"))) | K234: =IF(OR(D234="PENDENTE", D234="", D234=0, D234=DATE(1900,1,0)), G234, 0) -> 0 | L234: =IF(K234>0, UPPER(TEXT(C234, "mmm")), "") | M234: ='ABR-26'!H13 -> 0 | N234: =IF(BD!$C234="","",IF(AND(TODAY()>BD!$C234,OR(BD!$D234="PENDENTE",BD!$D234="")),"VENCIDO","")) | O234: =IF(N234 = "VENCIDO",BD!$B234,"") | P234: =IF(N234 = "VENCIDO",BD!$C234,"") | Q234: =IF(N234 = "VENCIDO",BD!$E234,"") | R234: =IF(N234 = "VENCIDO",BD!$F234,"") | S234: =IF(N234 = "VENCIDO",BD!$G234,"") | T234: =IF(AND(TODAY()>BD!$C234, OR(BD!$D234="PENDENTE", BD!$D234="")), TODAY()-BD!$C234, "")
B235: ='ABR-26'!A14 -> 0 | C235: ='ABR-26'!B14 -> 0 | D235: ='ABR-26'!C14 -> 0 | E235: ='ABR-26'!D14 -> 0 | F235: ='ABR-26'!E14 -> 0 | G235: ='ABR-26'!F14 -> 0 | H235: =IF(OR(D235 = "",D235="PENDENTE"), 0, IF(OR(D235<=C235,M235=1),G235,(G235*0.1966/100)*(D235-C235)+G235)) -> 0 | I235: ABR | J235: =IF(OR(D235="PENDENTE", D235=0, D235=""), "", UPPER(TEXT(D235, "mmm"))) | K235: =IF(OR(D235="PENDENTE", D235="", D235=0, D235=DATE(1900,1,0)), G235, 0) -> 0 | L235: =IF(K235>0, UPPER(TEXT(C235, "mmm")), "") | M235: ='ABR-26'!H14 -> 0 | N235: =IF(BD!$C235="","",IF(AND(TODAY()>BD!$C235,OR(BD!$D235="PENDENTE",BD!$D235="")),"VENCIDO","")) | O235: =IF(N235 = "VENCIDO",BD!$B235,"") | P235: =IF(N235 = "VENCIDO",BD!$C235,"") | Q235: =IF(N235 = "VENCIDO",BD!$E235,"") | R235: =IF(N235 = "VENCIDO",BD!$F235,"") | S235: =IF(N235 = "VENCIDO",BD!$G235,"") | T235: =IF(AND(TODAY()>BD!$C235, OR(BD!$D235="PENDENTE", BD!$D235="")), TODAY()-BD!$C235, "")
... B297: ='ABR-26'!A76 -> 0 | C297: ='ABR-26'!B76 -> 0 | D297: ='ABR-26'!C76 -> 0 | E297: ='ABR-26'!D76 -> 0 | F297: ='ABR-26'!E76 -> 0 | G297: ='ABR-26'!F76 -> 0 | H297: =IF(OR(D297 = "",D297="PENDENTE"), 0, IF(OR(D297<=C297,M297=1),G297,(G297*0.1966/100)*(D297-C297)+G297)) -> 0 | I297: ABR | J297: =IF(OR(D297="PENDENTE", D297=0, D297=""), "", UPPER(TEXT(D297, "mmm"))) | K297: =IF(OR(D297="PENDENTE", D297="", D297=0, D297=DATE(1900,1,0)), G297, 0) -> 0 | L297: =IF(K297>0, UPPER(TEXT(C297, "mmm")), "") | M297: ='ABR-26'!H76 -> 0 | N297: =IF(BD!$C297="","",IF(AND(TODAY()>BD!$C297,OR(BD!$D297="PENDENTE",BD!$D297="")),"VENCIDO","")) | O297: =IF(N297 = "VENCIDO",BD!$B297,"") | P297: =IF(N297 = "VENCIDO",BD!$C297,"") | Q297: =IF(N297 = "VENCIDO",BD!$E297,"") | R297: =IF(N297 = "VENCIDO",BD!$F297,"") | S297: =IF(N297 = "VENCIDO",BD!$G297,"") | T297: =IF(AND(TODAY()>BD!$C297, OR(BD!$D297="PENDENTE", BD!$D297="")), TODAY()-BD!$C297, "")
B298: ='MAI-26'!A3 -> 0 | C298: ='MAI-26'!B3 -> 0 | D298: ='MAI-26'!C3 -> 0 | E298: ='MAI-26'!D3 -> 0 | F298: ='MAI-26'!E3 -> 0 | G298: ='MAI-26'!F3 -> 0 | H298: =IF(OR(D298 = "",D298="PENDENTE"), 0, IF(OR(D298<=C298,M298=1),G298,(G298*0.1966/100)*(D298-C298)+G298)) -> 0 | I298: MAI | J298: =IF(OR(D298="PENDENTE", D298=0, D298=""), "", UPPER(TEXT(D298, "mmm"))) | K298: =IF(OR(D298="PENDENTE", D298="", D298=0, D298=DATE(1900,1,0)), G298, 0) -> 0 | L298: =IF(K298>0, UPPER(TEXT(C298, "mmm")), "") | M298: ='MAI-26'!H3 -> 0 | N298: =IF(BD!$C298="","",IF(AND(TODAY()>BD!$C298,OR(BD!$D298="PENDENTE",BD!$D298="")),"VENCIDO","")) | O298: =IF(N298 = "VENCIDO",BD!$B298,"") | P298: =IF(N298 = "VENCIDO",BD!$C298,"") | Q298: =IF(N298 = "VENCIDO",BD!$E298,"") | R298: =IF(N298 = "VENCIDO",BD!$F298,"") | S298: =IF(N298 = "VENCIDO",BD!$G298,"") | T298: =IF(AND(TODAY()>BD!$C298, OR(BD!$D298="PENDENTE", BD!$D298="")), TODAY()-BD!$C298, "")
B299: ='MAI-26'!A4 -> 0 | C299: ='MAI-26'!B4 -> 0 | D299: ='MAI-26'!C4 -> 0 | E299: ='MAI-26'!D4 -> 0 | F299: ='MAI-26'!E4 -> 0 | G299: ='MAI-26'!F4 -> 0 | H299: =IF(OR(D299 = "",D299="PENDENTE"), 0, IF(OR(D299<=C299,M299=1),G299,(G299*0.1966/100)*(D299-C299)+G299)) -> 0 | I299: MAI | J299: =IF(OR(D299="PENDENTE", D299=0, D299=""), "", UPPER(TEXT(D299, "mmm"))) | K299: =IF(OR(D299="PENDENTE", D299="", D299=0, D299=DATE(1900,1,0)), G299, 0) -> 0 | L299: =IF(K299>0, UPPER(TEXT(C299, "mmm")), "") | M299: ='MAI-26'!H4 -> 0 | N299: =IF(BD!$C299="","",IF(AND(TODAY()>BD!$C299,OR(BD!$D299="PENDENTE",BD!$D299="")),"VENCIDO","")) | O299: =IF(N299 = "VENCIDO",BD!$B299,"") | P299: =IF(N299 = "VENCIDO",BD!$C299,"") | Q299: =IF(N299 = "VENCIDO",BD!$E299,"") | R299: =IF(N299 = "VENCIDO",BD!$F299,"") | S299: =IF(N299 = "VENCIDO",BD!$G299,"") | T299: =IF(AND(TODAY()>BD!$C299, OR(BD!$D299="PENDENTE", BD!$D299="")), TODAY()-BD!$C299, "")
B300: ='MAI-26'!A5 -> 0 | C300: ='MAI-26'!B5 -> 0 | D300: ='MAI-26'!C5 -> 0 | E300: ='MAI-26'!D5 -> 0 | F300: ='MAI-26'!E5 -> 0 | G300: ='MAI-26'!F5 -> 0 | H300: =IF(OR(D300 = "",D300="PENDENTE"), 0, IF(OR(D300<=C300,M300=1),G300,(G300*0.1966/100)*(D300-C300)+G300)) -> 0 | I300: MAI | J300: =IF(OR(D300="PENDENTE", D300=0, D300=""), "", UPPER(TEXT(D300, "mmm"))) | K300: =IF(OR(D300="PENDENTE", D300="", D300=0, D300=DATE(1900,1,0)), G300, 0) -> 0 | L300: =IF(K300>0, UPPER(TEXT(C300, "mmm")), "") | M300: ='MAI-26'!H5 -> 0 | N300: =IF(BD!$C300="","",IF(AND(TODAY()>BD!$C300,OR(BD!$D300="PENDENTE",BD!$D300="")),"VENCIDO","")) | O300: =IF(N300 = "VENCIDO",BD!$B300,"") | P300: =IF(N300 = "VENCIDO",BD!$C300,"") | Q300: =IF(N300 = "VENCIDO",BD!$E300,"") | R300: =IF(N300 = "VENCIDO",BD!$F300,"") | S300: =IF(N300 = "VENCIDO",BD!$G300,"") | T300: =IF(AND(TODAY()>BD!$C300, OR(BD!$D300="PENDENTE", BD!$D300="")), TODAY()-BD!$C300, "")
B301: ='MAI-26'!A6 -> 0 | C301: ='MAI-26'!B6 -> 0 | D301: ='MAI-26'!C6 -> 0 | E301: ='MAI-26'!D6 -> 0 | F301: ='MAI-26'!E6 -> 0 | G301: ='MAI-26'!F6 -> 0 | H301: =IF(OR(D301 = "",D301="PENDENTE"), 0, IF(OR(D301<=C301,M301=1),G301,(G301*0.1966/100)*(D301-C301)+G301)) -> 0 | I301: MAI | J301: =IF(OR(D301="PENDENTE", D301=0, D301=""), "", UPPER(TEXT(D301, "mmm"))) | K301: =IF(OR(D301="PENDENTE", D301="", D301=0, D301=DATE(1900,1,0)), G301, 0) -> 0 | L301: =IF(K301>0, UPPER(TEXT(C301, "mmm")), "") | M301: ='MAI-26'!H6 -> 0 | N301: =IF(BD!$C301="","",IF(AND(TODAY()>BD!$C301,OR(BD!$D301="PENDENTE",BD!$D301="")),"VENCIDO","")) | O301: =IF(N301 = "VENCIDO",BD!$B301,"") | P301: =IF(N301 = "VENCIDO",BD!$C301,"") | Q301: =IF(N301 = "VENCIDO",BD!$E301,"") | R301: =IF(N301 = "VENCIDO",BD!$F301,"") | S301: =IF(N301 = "VENCIDO",BD!$G301,"") | T301: =IF(AND(TODAY()>BD!$C301, OR(BD!$D301="PENDENTE", BD!$D301="")), TODAY()-BD!$C301, "")
B302: ='MAI-26'!A7 -> 0 | C302: ='MAI-26'!B7 -> 0 | D302: ='MAI-26'!C7 -> 0 | E302: ='MAI-26'!D7 -> 0 | F302: ='MAI-26'!E7 -> 0 | G302: ='MAI-26'!F7 -> 0 | H302: =IF(OR(D302 = "",D302="PENDENTE"), 0, IF(OR(D302<=C302,M302=1),G302,(G302*0.1966/100)*(D302-C302)+G302)) -> 0 | I302: MAI | J302: =IF(OR(D302="PENDENTE", D302=0, D302=""), "", UPPER(TEXT(D302, "mmm"))) | K302: =IF(OR(D302="PENDENTE", D302="", D302=0, D302=DATE(1900,1,0)), G302, 0) -> 0 | L302: =IF(K302>0, UPPER(TEXT(C302, "mmm")), "") | M302: ='MAI-26'!H7 -> 0 | N302: =IF(BD!$C302="","",IF(AND(TODAY()>BD!$C302,OR(BD!$D302="PENDENTE",BD!$D302="")),"VENCIDO","")) | O302: =IF(N302 = "VENCIDO",BD!$B302,"") | P302: =IF(N302 = "VENCIDO",BD!$C302,"") | Q302: =IF(N302 = "VENCIDO",BD!$E302,"") | R302: =IF(N302 = "VENCIDO",BD!$F302,"") | S302: =IF(N302 = "VENCIDO",BD!$G302,"") | T302: =IF(AND(TODAY()>BD!$C302, OR(BD!$D302="PENDENTE", BD!$D302="")), TODAY()-BD!$C302, "")
B303: ='MAI-26'!A8 -> 0 | C303: ='MAI-26'!B8 -> 0 | D303: ='MAI-26'!C8 -> 0 | E303: ='MAI-26'!D8 -> 0 | F303: ='MAI-26'!E8 -> 0 | G303: ='MAI-26'!F8 -> 0 | H303: =IF(OR(D303 = "",D303="PENDENTE"), 0, IF(OR(D303<=C303,M303=1),G303,(G303*0.1966/100)*(D303-C303)+G303)) -> 0 | I303: MAI | J303: =IF(OR(D303="PENDENTE", D303=0, D303=""), "", UPPER(TEXT(D303, "mmm"))) | K303: =IF(OR(D303="PENDENTE", D303="", D303=0, D303=DATE(1900,1,0)), G303, 0) -> 0 | L303: =IF(K303>0, UPPER(TEXT(C303, "mmm")), "") | M303: ='MAI-26'!H8 -> 0 | N303: =IF(BD!$C303="","",IF(AND(TODAY()>BD!$C303,OR(BD!$D303="PENDENTE",BD!$D303="")),"VENCIDO","")) | O303: =IF(N303 = "VENCIDO",BD!$B303,"") | P303: =IF(N303 = "VENCIDO",BD!$C303,"") | Q303: =IF(N303 = "VENCIDO",BD!$E303,"") | R303: =IF(N303 = "VENCIDO",BD!$F303,"") | S303: =IF(N303 = "VENCIDO",BD!$G303,"") | T303: =IF(AND(TODAY()>BD!$C303, OR(BD!$D303="PENDENTE", BD!$D303="")), TODAY()-BD!$C303, "")
B304: ='MAI-26'!A9 -> 0 | C304: ='MAI-26'!B9 -> 0 | D304: ='MAI-26'!C9 -> 0 | E304: ='MAI-26'!D9 -> 0 | F304: ='MAI-26'!E9 -> 0 | G304: ='MAI-26'!F9 -> 0 | H304: =IF(OR(D304 = "",D304="PENDENTE"), 0, IF(OR(D304<=C304,M304=1),G304,(G304*0.1966/100)*(D304-C304)+G304)) -> 0 | I304: MAI | J304: =IF(OR(D304="PENDENTE", D304=0, D304=""), "", UPPER(TEXT(D304, "mmm"))) | K304: =IF(OR(D304="PENDENTE", D304="", D304=0, D304=DATE(1900,1,0)), G304, 0) -> 0 | L304: =IF(K304>0, UPPER(TEXT(C304, "mmm")), "") | M304: ='MAI-26'!H9 -> 0 | N304: =IF(BD!$C304="","",IF(AND(TODAY()>BD!$C304,OR(BD!$D304="PENDENTE",BD!$D304="")),"VENCIDO","")) | O304: =IF(N304 = "VENCIDO",BD!$B304,"") | P304: =IF(N304 = "VENCIDO",BD!$C304,"") | Q304: =IF(N304 = "VENCIDO",BD!$E304,"") | R304: =IF(N304 = "VENCIDO",BD!$F304,"") | S304: =IF(N304 = "VENCIDO",BD!$G304,"") | T304: =IF(AND(TODAY()>BD!$C304, OR(BD!$D304="PENDENTE", BD!$D304="")), TODAY()-BD!$C304, "")
B305: ='MAI-26'!A10 -> 0 | C305: ='MAI-26'!B10 -> 0 | D305: ='MAI-26'!C10 -> 0 | E305: ='MAI-26'!D10 -> 0 | F305: ='MAI-26'!E10 -> 0 | G305: ='MAI-26'!F10 -> 0 | H305: =IF(OR(D305 = "",D305="PENDENTE"), 0, IF(OR(D305<=C305,M305=1),G305,(G305*0.1966/100)*(D305-C305)+G305)) -> 0 | I305: MAI | J305: =IF(OR(D305="PENDENTE", D305=0, D305=""), "", UPPER(TEXT(D305, "mmm"))) | K305: =IF(OR(D305="PENDENTE", D305="", D305=0, D305=DATE(1900,1,0)), G305, 0) -> 0 | L305: =IF(K305>0, UPPER(TEXT(C305, "mmm")), "") | M305: ='MAI-26'!H10 -> 0 | N305: =IF(BD!$C305="","",IF(AND(TODAY()>BD!$C305,OR(BD!$D305="PENDENTE",BD!$D305="")),"VENCIDO","")) | O305: =IF(N305 = "VENCIDO",BD!$B305,"") | P305: =IF(N305 = "VENCIDO",BD!$C305,"") | Q305: =IF(N305 = "VENCIDO",BD!$E305,"") | R305: =IF(N305 = "VENCIDO",BD!$F305,"") | S305: =IF(N305 = "VENCIDO",BD!$G305,"") | T305: =IF(AND(TODAY()>BD!$C305, OR(BD!$D305="PENDENTE", BD!$D305="")), TODAY()-BD!$C305, "")
B306: ='MAI-26'!A11 -> 0 | C306: ='MAI-26'!B11 -> 0 | D306: ='MAI-26'!C11 -> 0 | E306: ='MAI-26'!D11 -> 0 | F306: ='MAI-26'!E11 -> 0 | G306: ='MAI-26'!F11 -> 0 | H306: =IF(OR(D306 = "",D306="PENDENTE"), 0, IF(OR(D306<=C306,M306=1),G306,(G306*0.1966/100)*(D306-C306)+G306)) -> 0 | I306: MAI | J306: =IF(OR(D306="PENDENTE", D306=0, D306=""), "", UPPER(TEXT(D306, "mmm"))) | K306: =IF(OR(D306="PENDENTE", D306="", D306=0, D306=DATE(1900,1,0)), G306, 0) -> 0 | L306: =IF(K306>0, UPPER(TEXT(C306, "mmm")), "") | M306: ='MAI-26'!H11 -> 0 | N306: =IF(BD!$C306="","",IF(AND(TODAY()>BD!$C306,OR(BD!$D306="PENDENTE",BD!$D306="")),"VENCIDO","")) | O306: =IF(N306 = "VENCIDO",BD!$B306,"") | P306: =IF(N306 = "VENCIDO",BD!$C306,"") | Q306: =IF(N306 = "VENCIDO",BD!$E306,"") | R306: =IF(N306 = "VENCIDO",BD!$F306,"") | S306: =IF(N306 = "VENCIDO",BD!$G306,"") | T306: =IF(AND(TODAY()>BD!$C306, OR(BD!$D306="PENDENTE", BD!$D306="")), TODAY()-BD!$C306, "")
B307: ='MAI-26'!A12 -> 0 | C307: ='MAI-26'!B12 -> 0 | D307: ='MAI-26'!C12 -> 0 | E307: ='MAI-26'!D12 -> 0 | F307: ='MAI-26'!E12 -> 0 | G307: ='MAI-26'!F12 -> 0 | H307: =IF(OR(D307 = "",D307="PENDENTE"), 0, IF(OR(D307<=C307,M307=1),G307,(G307*0.1966/100)*(D307-C307)+G307)) -> 0 | I307: MAI | J307: =IF(OR(D307="PENDENTE", D307=0, D307=""), "", UPPER(TEXT(D307, "mmm"))) | K307: =IF(OR(D307="PENDENTE", D307="", D307=0, D307=DATE(1900,1,0)), G307, 0) -> 0 | L307: =IF(K307>0, UPPER(TEXT(C307, "mmm")), "") | M307: ='MAI-26'!H12 -> 0 | N307: =IF(BD!$C307="","",IF(AND(TODAY()>BD!$C307,OR(BD!$D307="PENDENTE",BD!$D307="")),"VENCIDO","")) | O307: =IF(N307 = "VENCIDO",BD!$B307,"") | P307: =IF(N307 = "VENCIDO",BD!$C307,"") | Q307: =IF(N307 = "VENCIDO",BD!$E307,"") | R307: =IF(N307 = "VENCIDO",BD!$F307,"") | S307: =IF(N307 = "VENCIDO",BD!$G307,"") | T307: =IF(AND(TODAY()>BD!$C307, OR(BD!$D307="PENDENTE", BD!$D307="")), TODAY()-BD!$C307, "")
B308: ='MAI-26'!A13 -> 0 | C308: ='MAI-26'!B13 -> 0 | D308: ='MAI-26'!C13 -> 0 | E308: ='MAI-26'!D13 -> 0 | F308: ='MAI-26'!E13 -> 0 | G308: ='MAI-26'!F13 -> 0 | H308: =IF(OR(D308 = "",D308="PENDENTE"), 0, IF(OR(D308<=C308,M308=1),G308,(G308*0.1966/100)*(D308-C308)+G308)) -> 0 | I308: MAI | J308: =IF(OR(D308="PENDENTE", D308=0, D308=""), "", UPPER(TEXT(D308, "mmm"))) | K308: =IF(OR(D308="PENDENTE", D308="", D308=0, D308=DATE(1900,1,0)), G308, 0) -> 0 | L308: =IF(K308>0, UPPER(TEXT(C308, "mmm")), "") | M308: ='MAI-26'!H13 -> 0 | N308: =IF(BD!$C308="","",IF(AND(TODAY()>BD!$C308,OR(BD!$D308="PENDENTE",BD!$D308="")),"VENCIDO","")) | O308: =IF(N308 = "VENCIDO",BD!$B308,"") | P308: =IF(N308 = "VENCIDO",BD!$C308,"") | Q308: =IF(N308 = "VENCIDO",BD!$E308,"") | R308: =IF(N308 = "VENCIDO",BD!$F308,"") | S308: =IF(N308 = "VENCIDO",BD!$G308,"") | T308: =IF(AND(TODAY()>BD!$C308, OR(BD!$D308="PENDENTE", BD!$D308="")), TODAY()-BD!$C308, "")
B309: ='MAI-26'!A14 -> 0 | C309: ='MAI-26'!B14 -> 0 | D309: ='MAI-26'!C14 -> 0 | E309: ='MAI-26'!D14 -> 0 | F309: ='MAI-26'!E14 -> 0 | G309: ='MAI-26'!F14 -> 0 | H309: =IF(OR(D309 = "",D309="PENDENTE"), 0, IF(OR(D309<=C309,M309=1),G309,(G309*0.1966/100)*(D309-C309)+G309)) -> 0 | I309: MAI | J309: =IF(OR(D309="PENDENTE", D309=0, D309=""), "", UPPER(TEXT(D309, "mmm"))) | K309: =IF(OR(D309="PENDENTE", D309="", D309=0, D309=DATE(1900,1,0)), G309, 0) -> 0 | L309: =IF(K309>0, UPPER(TEXT(C309, "mmm")), "") | M309: ='MAI-26'!H14 -> 0 | N309: =IF(BD!$C309="","",IF(AND(TODAY()>BD!$C309,OR(BD!$D309="PENDENTE",BD!$D309="")),"VENCIDO","")) | O309: =IF(N309 = "VENCIDO",BD!$B309,"") | P309: =IF(N309 = "VENCIDO",BD!$C309,"") | Q309: =IF(N309 = "VENCIDO",BD!$E309,"") | R309: =IF(N309 = "VENCIDO",BD!$F309,"") | S309: =IF(N309 = "VENCIDO",BD!$G309,"") | T309: =IF(AND(TODAY()>BD!$C309, OR(BD!$D309="PENDENTE", BD!$D309="")), TODAY()-BD!$C309, "")
... B371: ='MAI-26'!A76 -> 0 | C371: ='MAI-26'!B76 -> 0 | D371: ='MAI-26'!C76 -> 0 | E371: ='MAI-26'!D76 -> 0 | F371: ='MAI-26'!E76 -> 0 | G371: ='MAI-26'!F76 -> 0 | H371: =IF(OR(D371 = "",D371="PENDENTE"), 0, IF(OR(D371<=C371,M371=1),G371,(G371*0.1966/100)*(D371-C371)+G371)) -> 0 | I371: MAI | J371: =IF(OR(D371="PENDENTE", D371=0, D371=""), "", UPPER(TEXT(D371, "mmm"))) | K371: =IF(OR(D371="PENDENTE", D371="", D371=0, D371=DATE(1900,1,0)), G371, 0) -> 0 | L371: =IF(K371>0, UPPER(TEXT(C371, "mmm")), "") | M371: ='MAI-26'!H76 -> 0 | N371: =IF(BD!$C371="","",IF(AND(TODAY()>BD!$C371,OR(BD!$D371="PENDENTE",BD!$D371="")),"VENCIDO","")) | O371: =IF(N371 = "VENCIDO",BD!$B371,"") | P371: =IF(N371 = "VENCIDO",BD!$C371,"") | Q371: =IF(N371 = "VENCIDO",BD!$E371,"") | R371: =IF(N371 = "VENCIDO",BD!$F371,"") | S371: =IF(N371 = "VENCIDO",BD!$G371,"") | T371: =IF(AND(TODAY()>BD!$C371, OR(BD!$D371="PENDENTE", BD!$D371="")), TODAY()-BD!$C371, "")
B372: ='JUN-26'!A3 -> 0 | C372: ='JUN-26'!B3 -> 0 | D372: ='JUN-26'!C3 -> 0 | E372: ='JUN-26'!D3 -> 0 | F372: ='JUN-26'!E3 -> 0 | G372: ='JUN-26'!F3 -> 0 | H372: =IF(OR(D372 = "",D372="PENDENTE"), 0, IF(OR(D372<=C372,M372=1),G372,(G372*0.1966/100)*(D372-C372)+G372)) -> 0 | I372: JUN | J372: =IF(OR(D372="PENDENTE", D372=0, D372=""), "", UPPER(TEXT(D372, "mmm"))) | K372: =IF(OR(D372="PENDENTE", D372="", D372=0, D372=DATE(1900,1,0)), G372, 0) -> 0 | L372: =IF(K372>0, UPPER(TEXT(C372, "mmm")), "") | M372: ='JUN-26'!H3 -> 0 | N372: =IF(BD!$C372="","",IF(AND(TODAY()>BD!$C372,OR(BD!$D372="PENDENTE",BD!$D372="")),"VENCIDO","")) | O372: =IF(N372 = "VENCIDO",BD!$B372,"") | P372: =IF(N372 = "VENCIDO",BD!$C372,"") | Q372: =IF(N372 = "VENCIDO",BD!$E372,"") | R372: =IF(N372 = "VENCIDO",BD!$F372,"") | S372: =IF(N372 = "VENCIDO",BD!$G372,"") | T372: =IF(AND(TODAY()>BD!$C372, OR(BD!$D372="PENDENTE", BD!$D372="")), TODAY()-BD!$C372, "")
B373: ='JUN-26'!A4 -> 0 | C373: ='JUN-26'!B4 -> 0 | D373: ='JUN-26'!C4 -> 0 | E373: ='JUN-26'!D4 -> 0 | F373: ='JUN-26'!E4 -> 0 | G373: ='JUN-26'!F4 -> 0 | H373: =IF(OR(D373 = "",D373="PENDENTE"), 0, IF(OR(D373<=C373,M373=1),G373,(G373*0.1966/100)*(D373-C373)+G373)) -> 0 | I373: JUN | J373: =IF(OR(D373="PENDENTE", D373=0, D373=""), "", UPPER(TEXT(D373, "mmm"))) | K373: =IF(OR(D373="PENDENTE", D373="", D373=0, D373=DATE(1900,1,0)), G373, 0) -> 0 | L373: =IF(K373>0, UPPER(TEXT(C373, "mmm")), "") | M373: ='JUN-26'!H4 -> 0 | N373: =IF(BD!$C373="","",IF(AND(TODAY()>BD!$C373,OR(BD!$D373="PENDENTE",BD!$D373="")),"VENCIDO","")) | O373: =IF(N373 = "VENCIDO",BD!$B373,"") | P373: =IF(N373 = "VENCIDO",BD!$C373,"") | Q373: =IF(N373 = "VENCIDO",BD!$E373,"") | R373: =IF(N373 = "VENCIDO",BD!$F373,"") | S373: =IF(N373 = "VENCIDO",BD!$G373,"") | T373: =IF(AND(TODAY()>BD!$C373, OR(BD!$D373="PENDENTE", BD!$D373="")), TODAY()-BD!$C373, "")
B374: ='JUN-26'!A5 -> 0 | C374: ='JUN-26'!B5 -> 0 | D374: ='JUN-26'!C5 -> 0 | E374: ='JUN-26'!D5 -> 0 | F374: ='JUN-26'!E5 -> 0 | G374: ='JUN-26'!F5 -> 0 | H374: =IF(OR(D374 = "",D374="PENDENTE"), 0, IF(OR(D374<=C374,M374=1),G374,(G374*0.1966/100)*(D374-C374)+G374)) -> 0 | I374: JUN | J374: =IF(OR(D374="PENDENTE", D374=0, D374=""), "", UPPER(TEXT(D374, "mmm"))) | K374: =IF(OR(D374="PENDENTE", D374="", D374=0, D374=DATE(1900,1,0)), G374, 0) -> 0 | L374: =IF(K374>0, UPPER(TEXT(C374, "mmm")), "") | M374: ='JUN-26'!H5 -> 0 | N374: =IF(BD!$C374="","",IF(AND(TODAY()>BD!$C374,OR(BD!$D374="PENDENTE",BD!$D374="")),"VENCIDO","")) | O374: =IF(N374 = "VENCIDO",BD!$B374,"") | P374: =IF(N374 = "VENCIDO",BD!$C374,"") | Q374: =IF(N374 = "VENCIDO",BD!$E374,"") | R374: =IF(N374 = "VENCIDO",BD!$F374,"") | S374: =IF(N374 = "VENCIDO",BD!$G374,"") | T374: =IF(AND(TODAY()>BD!$C374, OR(BD!$D374="PENDENTE", BD!$D374="")), TODAY()-BD!$C374, "")
B375: ='JUN-26'!A6 -> 0 | C375: ='JUN-26'!B6 -> 0 | D375: ='JUN-26'!C6 -> 0 | E375: ='JUN-26'!D6 -> 0 | F375: ='JUN-26'!E6 -> 0 | G375: ='JUN-26'!F6 -> 0 | H375: =IF(OR(D375 = "",D375="PENDENTE"), 0, IF(OR(D375<=C375,M375=1),G375,(G375*0.1966/100)*(D375-C375)+G375)) -> 0 | I375: JUN | J375: =IF(OR(D375="PENDENTE", D375=0, D375=""), "", UPPER(TEXT(D375, "mmm"))) | K375: =IF(OR(D375="PENDENTE", D375="", D375=0, D375=DATE(1900,1,0)), G375, 0) -> 0 | L375: =IF(K375>0, UPPER(TEXT(C375, "mmm")), "") | M375: ='JUN-26'!H6 -> 0 | N375: =IF(BD!$C375="","",IF(AND(TODAY()>BD!$C375,OR(BD!$D375="PENDENTE",BD!$D375="")),"VENCIDO","")) | O375: =IF(N375 = "VENCIDO",BD!$B375,"") | P375: =IF(N375 = "VENCIDO",BD!$C375,"") | Q375: =IF(N375 = "VENCIDO",BD!$E375,"") | R375: =IF(N375 = "VENCIDO",BD!$F375,"") | S375: =IF(N375 = "VENCIDO",BD!$G375,"") | T375: =IF(AND(TODAY()>BD!$C375, OR(BD!$D375="PENDENTE", BD!$D375="")), TODAY()-BD!$C375, "")
B376: ='JUN-26'!A7 -> 0 | C376: ='JUN-26'!B7 -> 0 | D376: ='JUN-26'!C7 -> 0 | E376: ='JUN-26'!D7 -> 0 | F376: ='JUN-26'!E7 -> 0 | G376: ='JUN-26'!F7 -> 0 | H376: =IF(OR(D376 = "",D376="PENDENTE"), 0, IF(OR(D376<=C376,M376=1),G376,(G376*0.1966/100)*(D376-C376)+G376)) -> 0 | I376: JUN | J376: =IF(OR(D376="PENDENTE", D376=0, D376=""), "", UPPER(TEXT(D376, "mmm"))) | K376: =IF(OR(D376="PENDENTE", D376="", D376=0, D376=DATE(1900,1,0)), G376, 0) -> 0 | L376: =IF(K376>0, UPPER(TEXT(C376, "mmm")), "") | M376: ='JUN-26'!H7 -> 0 | N376: =IF(BD!$C376="","",IF(AND(TODAY()>BD!$C376,OR(BD!$D376="PENDENTE",BD!$D376="")),"VENCIDO","")) | O376: =IF(N376 = "VENCIDO",BD!$B376,"") | P376: =IF(N376 = "VENCIDO",BD!$C376,"") | Q376: =IF(N376 = "VENCIDO",BD!$E376,"") | R376: =IF(N376 = "VENCIDO",BD!$F376,"") | S376: =IF(N376 = "VENCIDO",BD!$G376,"") | T376: =IF(AND(TODAY()>BD!$C376, OR(BD!$D376="PENDENTE", BD!$D376="")), TODAY()-BD!$C376, "")
B377: ='JUN-26'!A8 -> 0 | C377: ='JUN-26'!B8 -> 0 | D377: ='JUN-26'!C8 -> 0 | E377: ='JUN-26'!D8 -> 0 | F377: ='JUN-26'!E8 -> 0 | G377: ='JUN-26'!F8 -> 0 | H377: =IF(OR(D377 = "",D377="PENDENTE"), 0, IF(OR(D377<=C377,M377=1),G377,(G377*0.1966/100)*(D377-C377)+G377)) -> 0 | I377: JUN | J377: =IF(OR(D377="PENDENTE", D377=0, D377=""), "", UPPER(TEXT(D377, "mmm"))) | K377: =IF(OR(D377="PENDENTE", D377="", D377=0, D377=DATE(1900,1,0)), G377, 0) -> 0 | L377: =IF(K377>0, UPPER(TEXT(C377, "mmm")), "") | M377: ='JUN-26'!H8 -> 0 | N377: =IF(BD!$C377="","",IF(AND(TODAY()>BD!$C377,OR(BD!$D377="PENDENTE",BD!$D377="")),"VENCIDO","")) | O377: =IF(N377 = "VENCIDO",BD!$B377,"") | P377: =IF(N377 = "VENCIDO",BD!$C377,"") | Q377: =IF(N377 = "VENCIDO",BD!$E377,"") | R377: =IF(N377 = "VENCIDO",BD!$F377,"") | S377: =IF(N377 = "VENCIDO",BD!$G377,"") | T377: =IF(AND(TODAY()>BD!$C377, OR(BD!$D377="PENDENTE", BD!$D377="")), TODAY()-BD!$C377, "")
B378: ='JUN-26'!A9 -> 0 | C378: ='JUN-26'!B9 -> 0 | D378: ='JUN-26'!C9 -> 0 | E378: ='JUN-26'!D9 -> 0 | F378: ='JUN-26'!E9 -> 0 | G378: ='JUN-26'!F9 -> 0 | H378: =IF(OR(D378 = "",D378="PENDENTE"), 0, IF(OR(D378<=C378,M378=1),G378,(G378*0.1966/100)*(D378-C378)+G378)) -> 0 | I378: JUN | J378: =IF(OR(D378="PENDENTE", D378=0, D378=""), "", UPPER(TEXT(D378, "mmm"))) | K378: =IF(OR(D378="PENDENTE", D378="", D378=0, D378=DATE(1900,1,0)), G378, 0) -> 0 | L378: =IF(K378>0, UPPER(TEXT(C378, "mmm")), "") | M378: ='JUN-26'!H9 -> 0 | N378: =IF(BD!$C378="","",IF(AND(TODAY()>BD!$C378,OR(BD!$D378="PENDENTE",BD!$D378="")),"VENCIDO","")) | O378: =IF(N378 = "VENCIDO",BD!$B378,"") | P378: =IF(N378 = "VENCIDO",BD!$C378,"") | Q378: =IF(N378 = "VENCIDO",BD!$E378,"") | R378: =IF(N378 = "VENCIDO",BD!$F378,"") | S378: =IF(N378 = "VENCIDO",BD!$G378,"") | T378: =IF(AND(TODAY()>BD!$C378, OR(BD!$D378="PENDENTE", BD!$D378="")), TODAY()-BD!$C378, "")
B379: ='JUN-26'!A10 -> 0 | C379: ='JUN-26'!B10 -> 0 | D379: ='JUN-26'!C10 -> 0 | E379: ='JUN-26'!D10 -> 0 | F379: ='JUN-26'!E10 -> 0 | G379: ='JUN-26'!F10 -> 0 | H379: =IF(OR(D379 = "",D379="PENDENTE"), 0, IF(OR(D379<=C379,M379=1),G379,(G379*0.1966/100)*(D379-C379)+G379)) -> 0 | I379: JUN | J379: =IF(OR(D379="PENDENTE", D379=0, D379=""), "", UPPER(TEXT(D379, "mmm"))) | K379: =IF(OR(D379="PENDENTE", D379="", D379=0, D379=DATE(1900,1,0)), G379, 0) -> 0 | L379: =IF(K379>0, UPPER(TEXT(C379, "mmm")), "") | M379: ='JUN-26'!H10 -> 0 | N379: =IF(BD!$C379="","",IF(AND(TODAY()>BD!$C379,OR(BD!$D379="PENDENTE",BD!$D379="")),"VENCIDO","")) | O379: =IF(N379 = "VENCIDO",BD!$B379,"") | P379: =IF(N379 = "VENCIDO",BD!$C379,"") | Q379: =IF(N379 = "VENCIDO",BD!$E379,"") | R379: =IF(N379 = "VENCIDO",BD!$F379,"") | S379: =IF(N379 = "VENCIDO",BD!$G379,"") | T379: =IF(AND(TODAY()>BD!$C379, OR(BD!$D379="PENDENTE", BD!$D379="")), TODAY()-BD!$C379, "")
B380: ='JUN-26'!A11 -> 0 | C380: ='JUN-26'!B11 -> 0 | D380: ='JUN-26'!C11 -> 0 | E380: ='JUN-26'!D11 -> 0 | F380: ='JUN-26'!E11 -> 0 | G380: ='JUN-26'!F11 -> 0 | H380: =IF(OR(D380 = "",D380="PENDENTE"), 0, IF(OR(D380<=C380,M380=1),G380,(G380*0.1966/100)*(D380-C380)+G380)) -> 0 | I380: JUN | J380: =IF(OR(D380="PENDENTE", D380=0, D380=""), "", UPPER(TEXT(D380, "mmm"))) | K380: =IF(OR(D380="PENDENTE", D380="", D380=0, D380=DATE(1900,1,0)), G380, 0) -> 0 | L380: =IF(K380>0, UPPER(TEXT(C380, "mmm")), "") | M380: ='JUN-26'!H11 -> 0 | N380: =IF(BD!$C380="","",IF(AND(TODAY()>BD!$C380,OR(BD!$D380="PENDENTE",BD!$D380="")),"VENCIDO","")) | O380: =IF(N380 = "VENCIDO",BD!$B380,"") | P380: =IF(N380 = "VENCIDO",BD!$C380,"") | Q380: =IF(N380 = "VENCIDO",BD!$E380,"") | R380: =IF(N380 = "VENCIDO",BD!$F380,"") | S380: =IF(N380 = "VENCIDO",BD!$G380,"") | T380: =IF(AND(TODAY()>BD!$C380, OR(BD!$D380="PENDENTE", BD!$D380="")), TODAY()-BD!$C380, "")
B381: ='JUN-26'!A12 -> 0 | C381: ='JUN-26'!B12 -> 0 | D381: ='JUN-26'!C12 -> 0 | E381: ='JUN-26'!D12 -> 0 | F381: ='JUN-26'!E12 -> 0 | G381: ='JUN-26'!F12 -> 0 | H381: =IF(OR(D381 = "",D381="PENDENTE"), 0, IF(OR(D381<=C381,M381=1),G381,(G381*0.1966/100)*(D381-C381)+G381)) -> 0 | I381: JUN | J381: =IF(OR(D381="PENDENTE", D381=0, D381=""), "", UPPER(TEXT(D381, "mmm"))) | K381: =IF(OR(D381="PENDENTE", D381="", D381=0, D381=DATE(1900,1,0)), G381, 0) -> 0 | L381: =IF(K381>0, UPPER(TEXT(C381, "mmm")), "") | M381: ='JUN-26'!H12 -> 0 | N381: =IF(BD!$C381="","",IF(AND(TODAY()>BD!$C381,OR(BD!$D381="PENDENTE",BD!$D381="")),"VENCIDO","")) | O381: =IF(N381 = "VENCIDO",BD!$B381,"") | P381: =IF(N381 = "VENCIDO",BD!$C381,"") | Q381: =IF(N381 = "VENCIDO",BD!$E381,"") | R381: =IF(N381 = "VENCIDO",BD!$F381,"") | S381: =IF(N381 = "VENCIDO",BD!$G381,"") | T381: =IF(AND(TODAY()>BD!$C381, OR(BD!$D381="PENDENTE", BD!$D381="")), TODAY()-BD!$C381, "")
B382: ='JUN-26'!A13 -> 0 | C382: ='JUN-26'!B13 -> 0 | D382: ='JUN-26'!C13 -> 0 | E382: ='JUN-26'!D13 -> 0 | F382: ='JUN-26'!E13 -> 0 | G382: ='JUN-26'!F13 -> 0 | H382: =IF(OR(D382 = "",D382="PENDENTE"), 0, IF(OR(D382<=C382,M382=1),G382,(G382*0.1966/100)*(D382-C382)+G382)) -> 0 | I382: JUN | J382: =IF(OR(D382="PENDENTE", D382=0, D382=""), "", UPPER(TEXT(D382, "mmm"))) | K382: =IF(OR(D382="PENDENTE", D382="", D382=0, D382=DATE(1900,1,0)), G382, 0) -> 0 | L382: =IF(K382>0, UPPER(TEXT(C382, "mmm")), "") | M382: ='JUN-26'!H13 -> 0 | N382: =IF(BD!$C382="","",IF(AND(TODAY()>BD!$C382,OR(BD!$D382="PENDENTE",BD!$D382="")),"VENCIDO","")) | O382: =IF(N382 = "VENCIDO",BD!$B382,"") | P382: =IF(N382 = "VENCIDO",BD!$C382,"") | Q382: =IF(N382 = "VENCIDO",BD!$E382,"") | R382: =IF(N382 = "VENCIDO",BD!$F382,"") | S382: =IF(N382 = "VENCIDO",BD!$G382,"") | T382: =IF(AND(TODAY()>BD!$C382, OR(BD!$D382="PENDENTE", BD!$D382="")), TODAY()-BD!$C382, "")
B383: ='JUN-26'!A14 -> 0 | C383: ='JUN-26'!B14 -> 0 | D383: ='JUN-26'!C14 -> 0 | E383: ='JUN-26'!D14 -> 0 | F383: ='JUN-26'!E14 -> 0 | G383: ='JUN-26'!F14 -> 0 | H383: =IF(OR(D383 = "",D383="PENDENTE"), 0, IF(OR(D383<=C383,M383=1),G383,(G383*0.1966/100)*(D383-C383)+G383)) -> 0 | I383: JUN | J383: =IF(OR(D383="PENDENTE", D383=0, D383=""), "", UPPER(TEXT(D383, "mmm"))) | K383: =IF(OR(D383="PENDENTE", D383="", D383=0, D383=DATE(1900,1,0)), G383, 0) -> 0 | L383: =IF(K383>0, UPPER(TEXT(C383, "mmm")), "") | M383: ='JUN-26'!H14 -> 0 | N383: =IF(BD!$C383="","",IF(AND(TODAY()>BD!$C383,OR(BD!$D383="PENDENTE",BD!$D383="")),"VENCIDO","")) | O383: =IF(N383 = "VENCIDO",BD!$B383,"") | P383: =IF(N383 = "VENCIDO",BD!$C383,"") | Q383: =IF(N383 = "VENCIDO",BD!$E383,"") | R383: =IF(N383 = "VENCIDO",BD!$F383,"") | S383: =IF(N383 = "VENCIDO",BD!$G383,"") | T383: =IF(AND(TODAY()>BD!$C383, OR(BD!$D383="PENDENTE", BD!$D383="")), TODAY()-BD!$C383, "")
... B445: ='JUN-26'!A76 -> 0 | C445: ='JUN-26'!B76 -> 0 | D445: ='JUN-26'!C76 -> 0 | E445: ='JUN-26'!D76 -> 0 | F445: ='JUN-26'!E76 -> 0 | G445: ='JUN-26'!F76 -> 0 | H445: =IF(OR(D445 = "",D445="PENDENTE"), 0, IF(OR(D445<=C445,M445=1),G445,(G445*0.1966/100)*(D445-C445)+G445)) -> 0 | I445: JUN | J445: =IF(OR(D445="PENDENTE", D445=0, D445=""), "", UPPER(TEXT(D445, "mmm"))) | K445: =IF(OR(D445="PENDENTE", D445="", D445=0, D445=DATE(1900,1,0)), G445, 0) -> 0 | L445: =IF(K445>0, UPPER(TEXT(C445, "mmm")), "") | M445: ='JUN-26'!H76 -> 0 | N445: =IF(BD!$C445="","",IF(AND(TODAY()>BD!$C445,OR(BD!$D445="PENDENTE",BD!$D445="")),"VENCIDO","")) | O445: =IF(N445 = "VENCIDO",BD!$B445,"") | P445: =IF(N445 = "VENCIDO",BD!$C445,"") | Q445: =IF(N445 = "VENCIDO",BD!$E445,"") | R445: =IF(N445 = "VENCIDO",BD!$F445,"") | S445: =IF(N445 = "VENCIDO",BD!$G445,"") | T445: =IF(AND(TODAY()>BD!$C445, OR(BD!$D445="PENDENTE", BD!$D445="")), TODAY()-BD!$C445, "")
B446: ='JUL-26'!A3 -> 0 | C446: ='JUL-26'!B3 -> 0 | D446: ='JUL-26'!C3 -> 0 | E446: ='JUL-26'!D3 -> 0 | F446: ='JUL-26'!E3 -> 0 | G446: ='JUL-26'!F3 -> 0 | H446: =IF(OR(D446 = "",D446="PENDENTE"), 0, IF(OR(D446<=C446,M446=1),G446,(G446*0.1966/100)*(D446-C446)+G446)) -> 0 | I446: JUL | J446: =IF(OR(D446="PENDENTE", D446=0, D446=""), "", UPPER(TEXT(D446, "mmm"))) | K446: =IF(OR(D446="PENDENTE", D446="", D446=0, D446=DATE(1900,1,0)), G446, 0) -> 0 | L446: =IF(K446>0, UPPER(TEXT(C446, "mmm")), "") | M446: ='JUL-26'!H3 -> 0 | N446: =IF(BD!$C446="","",IF(AND(TODAY()>BD!$C446,OR(BD!$D446="PENDENTE",BD!$D446="")),"VENCIDO","")) | O446: =IF(N446 = "VENCIDO",BD!$B446,"") | P446: =IF(N446 = "VENCIDO",BD!$C446,"") | Q446: =IF(N446 = "VENCIDO",BD!$E446,"") | R446: =IF(N446 = "VENCIDO",BD!$F446,"") | S446: =IF(N446 = "VENCIDO",BD!$G446,"") | T446: =IF(AND(TODAY()>BD!$C446, OR(BD!$D446="PENDENTE", BD!$D446="")), TODAY()-BD!$C446, "")
B447: ='JUL-26'!A4 -> 0 | C447: ='JUL-26'!B4 -> 0 | D447: ='JUL-26'!C4 -> 0 | E447: ='JUL-26'!D4 -> 0 | F447: ='JUL-26'!E4 -> 0 | G447: ='JUL-26'!F4 -> 0 | H447: =IF(OR(D447 = "",D447="PENDENTE"), 0, IF(OR(D447<=C447,M447=1),G447,(G447*0.1966/100)*(D447-C447)+G447)) -> 0 | I447: JUL | J447: =IF(OR(D447="PENDENTE", D447=0, D447=""), "", UPPER(TEXT(D447, "mmm"))) | K447: =IF(OR(D447="PENDENTE", D447="", D447=0, D447=DATE(1900,1,0)), G447, 0) -> 0 | L447: =IF(K447>0, UPPER(TEXT(C447, "mmm")), "") | M447: ='JUL-26'!H4 -> 0 | N447: =IF(BD!$C447="","",IF(AND(TODAY()>BD!$C447,OR(BD!$D447="PENDENTE",BD!$D447="")),"VENCIDO","")) | O447: =IF(N447 = "VENCIDO",BD!$B447,"") | P447: =IF(N447 = "VENCIDO",BD!$C447,"") | Q447: =IF(N447 = "VENCIDO",BD!$E447,"") | R447: =IF(N447 = "VENCIDO",BD!$F447,"") | S447: =IF(N447 = "VENCIDO",BD!$G447,"") | T447: =IF(AND(TODAY()>BD!$C447, OR(BD!$D447="PENDENTE", BD!$D447="")), TODAY()-BD!$C447, "")
B448: ='JUL-26'!A5 -> 0 | C448: ='JUL-26'!B5 -> 0 | D448: ='JUL-26'!C5 -> 0 | E448: ='JUL-26'!D5 -> 0 | F448: ='JUL-26'!E5 -> 0 | G448: ='JUL-26'!F5 -> 0 | H448: =IF(OR(D448 = "",D448="PENDENTE"), 0, IF(OR(D448<=C448,M448=1),G448,(G448*0.1966/100)*(D448-C448)+G448)) -> 0 | I448: JUL | J448: =IF(OR(D448="PENDENTE", D448=0, D448=""), "", UPPER(TEXT(D448, "mmm"))) | K448: =IF(OR(D448="PENDENTE", D448="", D448=0, D448=DATE(1900,1,0)), G448, 0) -> 0 | L448: =IF(K448>0, UPPER(TEXT(C448, "mmm")), "") | M448: ='JUL-26'!H5 -> 0 | N448: =IF(BD!$C448="","",IF(AND(TODAY()>BD!$C448,OR(BD!$D448="PENDENTE",BD!$D448="")),"VENCIDO","")) | O448: =IF(N448 = "VENCIDO",BD!$B448,"") | P448: =IF(N448 = "VENCIDO",BD!$C448,"") | Q448: =IF(N448 = "VENCIDO",BD!$E448,"") | R448: =IF(N448 = "VENCIDO",BD!$F448,"") | S448: =IF(N448 = "VENCIDO",BD!$G448,"") | T448: =IF(AND(TODAY()>BD!$C448, OR(BD!$D448="PENDENTE", BD!$D448="")), TODAY()-BD!$C448, "")
B449: ='JUL-26'!A6 -> 0 | C449: ='JUL-26'!B6 -> 0 | D449: ='JUL-26'!C6 -> 0 | E449: ='JUL-26'!D6 -> 0 | F449: ='JUL-26'!E6 -> 0 | G449: ='JUL-26'!F6 -> 0 | H449: =IF(OR(D449 = "",D449="PENDENTE"), 0, IF(OR(D449<=C449,M449=1),G449,(G449*0.1966/100)*(D449-C449)+G449)) -> 0 | I449: JUL | J449: =IF(OR(D449="PENDENTE", D449=0, D449=""), "", UPPER(TEXT(D449, "mmm"))) | K449: =IF(OR(D449="PENDENTE", D449="", D449=0, D449=DATE(1900,1,0)), G449, 0) -> 0 | L449: =IF(K449>0, UPPER(TEXT(C449, "mmm")), "") | M449: ='JUL-26'!H6 -> 0 | N449: =IF(BD!$C449="","",IF(AND(TODAY()>BD!$C449,OR(BD!$D449="PENDENTE",BD!$D449="")),"VENCIDO","")) | O449: =IF(N449 = "VENCIDO",BD!$B449,"") | P449: =IF(N449 = "VENCIDO",BD!$C449,"") | Q449: =IF(N449 = "VENCIDO",BD!$E449,"") | R449: =IF(N449 = "VENCIDO",BD!$F449,"") | S449: =IF(N449 = "VENCIDO",BD!$G449,"") | T449: =IF(AND(TODAY()>BD!$C449, OR(BD!$D449="PENDENTE", BD!$D449="")), TODAY()-BD!$C449, "")
B450: ='JUL-26'!A7 -> 0 | C450: ='JUL-26'!B7 -> 0 | D450: ='JUL-26'!C7 -> 0 | E450: ='JUL-26'!D7 -> 0 | F450: ='JUL-26'!E7 -> 0 | G450: ='JUL-26'!F7 -> 0 | H450: =IF(OR(D450 = "",D450="PENDENTE"), 0, IF(OR(D450<=C450,M450=1),G450,(G450*0.1966/100)*(D450-C450)+G450)) -> 0 | I450: JUL | J450: =IF(OR(D450="PENDENTE", D450=0, D450=""), "", UPPER(TEXT(D450, "mmm"))) | K450: =IF(OR(D450="PENDENTE", D450="", D450=0, D450=DATE(1900,1,0)), G450, 0) -> 0 | L450: =IF(K450>0, UPPER(TEXT(C450, "mmm")), "") | M450: ='JUL-26'!H7 -> 0 | N450: =IF(BD!$C450="","",IF(AND(TODAY()>BD!$C450,OR(BD!$D450="PENDENTE",BD!$D450="")),"VENCIDO","")) | O450: =IF(N450 = "VENCIDO",BD!$B450,"") | P450: =IF(N450 = "VENCIDO",BD!$C450,"") | Q450: =IF(N450 = "VENCIDO",BD!$E450,"") | R450: =IF(N450 = "VENCIDO",BD!$F450,"") | S450: =IF(N450 = "VENCIDO",BD!$G450,"") | T450: =IF(AND(TODAY()>BD!$C450, OR(BD!$D450="PENDENTE", BD!$D450="")), TODAY()-BD!$C450, "")
B451: ='JUL-26'!A8 -> 0 | C451: ='JUL-26'!B8 -> 0 | D451: ='JUL-26'!C8 -> 0 | E451: ='JUL-26'!D8 -> 0 | F451: ='JUL-26'!E8 -> 0 | G451: ='JUL-26'!F8 -> 0 | H451: =IF(OR(D451 = "",D451="PENDENTE"), 0, IF(OR(D451<=C451,M451=1),G451,(G451*0.1966/100)*(D451-C451)+G451)) -> 0 | I451: JUL | J451: =IF(OR(D451="PENDENTE", D451=0, D451=""), "", UPPER(TEXT(D451, "mmm"))) | K451: =IF(OR(D451="PENDENTE", D451="", D451=0, D451=DATE(1900,1,0)), G451, 0) -> 0 | L451: =IF(K451>0, UPPER(TEXT(C451, "mmm")), "") | M451: ='JUL-26'!H8 -> 0 | N451: =IF(BD!$C451="","",IF(AND(TODAY()>BD!$C451,OR(BD!$D451="PENDENTE",BD!$D451="")),"VENCIDO","")) | O451: =IF(N451 = "VENCIDO",BD!$B451,"") | P451: =IF(N451 = "VENCIDO",BD!$C451,"") | Q451: =IF(N451 = "VENCIDO",BD!$E451,"") | R451: =IF(N451 = "VENCIDO",BD!$F451,"") | S451: =IF(N451 = "VENCIDO",BD!$G451,"") | T451: =IF(AND(TODAY()>BD!$C451, OR(BD!$D451="PENDENTE", BD!$D451="")), TODAY()-BD!$C451, "")
B452: ='JUL-26'!A9 -> 0 | C452: ='JUL-26'!B9 -> 0 | D452: ='JUL-26'!C9 -> 0 | E452: ='JUL-26'!D9 -> 0 | F452: ='JUL-26'!E9 -> 0 | G452: ='JUL-26'!F9 -> 0 | H452: =IF(OR(D452 = "",D452="PENDENTE"), 0, IF(OR(D452<=C452,M452=1),G452,(G452*0.1966/100)*(D452-C452)+G452)) -> 0 | I452: JUL | J452: =IF(OR(D452="PENDENTE", D452=0, D452=""), "", UPPER(TEXT(D452, "mmm"))) | K452: =IF(OR(D452="PENDENTE", D452="", D452=0, D452=DATE(1900,1,0)), G452, 0) -> 0 | L452: =IF(K452>0, UPPER(TEXT(C452, "mmm")), "") | M452: ='JUL-26'!H9 -> 0 | N452: =IF(BD!$C452="","",IF(AND(TODAY()>BD!$C452,OR(BD!$D452="PENDENTE",BD!$D452="")),"VENCIDO","")) | O452: =IF(N452 = "VENCIDO",BD!$B452,"") | P452: =IF(N452 = "VENCIDO",BD!$C452,"") | Q452: =IF(N452 = "VENCIDO",BD!$E452,"") | R452: =IF(N452 = "VENCIDO",BD!$F452,"") | S452: =IF(N452 = "VENCIDO",BD!$G452,"") | T452: =IF(AND(TODAY()>BD!$C452, OR(BD!$D452="PENDENTE", BD!$D452="")), TODAY()-BD!$C452, "")
B453: ='JUL-26'!A10 -> 0 | C453: ='JUL-26'!B10 -> 0 | D453: ='JUL-26'!C10 -> 0 | E453: ='JUL-26'!D10 -> 0 | F453: ='JUL-26'!E10 -> 0 | G453: ='JUL-26'!F10 -> 0 | H453: =IF(OR(D453 = "",D453="PENDENTE"), 0, IF(OR(D453<=C453,M453=1),G453,(G453*0.1966/100)*(D453-C453)+G453)) -> 0 | I453: JUL | J453: =IF(OR(D453="PENDENTE", D453=0, D453=""), "", UPPER(TEXT(D453, "mmm"))) | K453: =IF(OR(D453="PENDENTE", D453="", D453=0, D453=DATE(1900,1,0)), G453, 0) -> 0 | L453: =IF(K453>0, UPPER(TEXT(C453, "mmm")), "") | M453: ='JUL-26'!H10 -> 0 | N453: =IF(BD!$C453="","",IF(AND(TODAY()>BD!$C453,OR(BD!$D453="PENDENTE",BD!$D453="")),"VENCIDO","")) | O453: =IF(N453 = "VENCIDO",BD!$B453,"") | P453: =IF(N453 = "VENCIDO",BD!$C453,"") | Q453: =IF(N453 = "VENCIDO",BD!$E453,"") | R453: =IF(N453 = "VENCIDO",BD!$F453,"") | S453: =IF(N453 = "VENCIDO",BD!$G453,"") | T453: =IF(AND(TODAY()>BD!$C453, OR(BD!$D453="PENDENTE", BD!$D453="")), TODAY()-BD!$C453, "")
B454: ='JUL-26'!A11 -> 0 | C454: ='JUL-26'!B11 -> 0 | D454: ='JUL-26'!C11 -> 0 | E454: ='JUL-26'!D11 -> 0 | F454: ='JUL-26'!E11 -> 0 | G454: ='JUL-26'!F11 -> 0 | H454: =IF(OR(D454 = "",D454="PENDENTE"), 0, IF(OR(D454<=C454,M454=1),G454,(G454*0.1966/100)*(D454-C454)+G454)) -> 0 | I454: JUL | J454: =IF(OR(D454="PENDENTE", D454=0, D454=""), "", UPPER(TEXT(D454, "mmm"))) | K454: =IF(OR(D454="PENDENTE", D454="", D454=0, D454=DATE(1900,1,0)), G454, 0) -> 0 | L454: =IF(K454>0, UPPER(TEXT(C454, "mmm")), "") | M454: ='JUL-26'!H11 -> 0 | N454: =IF(BD!$C454="","",IF(AND(TODAY()>BD!$C454,OR(BD!$D454="PENDENTE",BD!$D454="")),"VENCIDO","")) | O454: =IF(N454 = "VENCIDO",BD!$B454,"") | P454: =IF(N454 = "VENCIDO",BD!$C454,"") | Q454: =IF(N454 = "VENCIDO",BD!$E454,"") | R454: =IF(N454 = "VENCIDO",BD!$F454,"") | S454: =IF(N454 = "VENCIDO",BD!$G454,"") | T454: =IF(AND(TODAY()>BD!$C454, OR(BD!$D454="PENDENTE", BD!$D454="")), TODAY()-BD!$C454, "")
B455: ='JUL-26'!A12 -> 0 | C455: ='JUL-26'!B12 -> 0 | D455: ='JUL-26'!C12 -> 0 | E455: ='JUL-26'!D12 -> 0 | F455: ='JUL-26'!E12 -> 0 | G455: ='JUL-26'!F12 -> 0 | H455: =IF(OR(D455 = "",D455="PENDENTE"), 0, IF(OR(D455<=C455,M455=1),G455,(G455*0.1966/100)*(D455-C455)+G455)) -> 0 | I455: JUL | J455: =IF(OR(D455="PENDENTE", D455=0, D455=""), "", UPPER(TEXT(D455, "mmm"))) | K455: =IF(OR(D455="PENDENTE", D455="", D455=0, D455=DATE(1900,1,0)), G455, 0) -> 0 | L455: =IF(K455>0, UPPER(TEXT(C455, "mmm")), "") | M455: ='JUL-26'!H12 -> 0 | N455: =IF(BD!$C455="","",IF(AND(TODAY()>BD!$C455,OR(BD!$D455="PENDENTE",BD!$D455="")),"VENCIDO","")) | O455: =IF(N455 = "VENCIDO",BD!$B455,"") | P455: =IF(N455 = "VENCIDO",BD!$C455,"") | Q455: =IF(N455 = "VENCIDO",BD!$E455,"") | R455: =IF(N455 = "VENCIDO",BD!$F455,"") | S455: =IF(N455 = "VENCIDO",BD!$G455,"") | T455: =IF(AND(TODAY()>BD!$C455, OR(BD!$D455="PENDENTE", BD!$D455="")), TODAY()-BD!$C455, "")
B456: ='JUL-26'!A13 -> 0 | C456: ='JUL-26'!B13 -> 0 | D456: ='JUL-26'!C13 -> 0 | E456: ='JUL-26'!D13 -> 0 | F456: ='JUL-26'!E13 -> 0 | G456: ='JUL-26'!F13 -> 0 | H456: =IF(OR(D456 = "",D456="PENDENTE"), 0, IF(OR(D456<=C456,M456=1),G456,(G456*0.1966/100)*(D456-C456)+G456)) -> 0 | I456: JUL | J456: =IF(OR(D456="PENDENTE", D456=0, D456=""), "", UPPER(TEXT(D456, "mmm"))) | K456: =IF(OR(D456="PENDENTE", D456="", D456=0, D456=DATE(1900,1,0)), G456, 0) -> 0 | L456: =IF(K456>0, UPPER(TEXT(C456, "mmm")), "") | M456: ='JUL-26'!H13 -> 0 | N456: =IF(BD!$C456="","",IF(AND(TODAY()>BD!$C456,OR(BD!$D456="PENDENTE",BD!$D456="")),"VENCIDO","")) | O456: =IF(N456 = "VENCIDO",BD!$B456,"") | P456: =IF(N456 = "VENCIDO",BD!$C456,"") | Q456: =IF(N456 = "VENCIDO",BD!$E456,"") | R456: =IF(N456 = "VENCIDO",BD!$F456,"") | S456: =IF(N456 = "VENCIDO",BD!$G456,"") | T456: =IF(AND(TODAY()>BD!$C456, OR(BD!$D456="PENDENTE", BD!$D456="")), TODAY()-BD!$C456, "")
B457: ='JUL-26'!A14 -> 0 | C457: ='JUL-26'!B14 -> 0 | D457: ='JUL-26'!C14 -> 0 | E457: ='JUL-26'!D14 -> 0 | F457: ='JUL-26'!E14 -> 0 | G457: ='JUL-26'!F14 -> 0 | H457: =IF(OR(D457 = "",D457="PENDENTE"), 0, IF(OR(D457<=C457,M457=1),G457,(G457*0.1966/100)*(D457-C457)+G457)) -> 0 | I457: JUL | J457: =IF(OR(D457="PENDENTE", D457=0, D457=""), "", UPPER(TEXT(D457, "mmm"))) | K457: =IF(OR(D457="PENDENTE", D457="", D457=0, D457=DATE(1900,1,0)), G457, 0) -> 0 | L457: =IF(K457>0, UPPER(TEXT(C457, "mmm")), "") | M457: ='JUL-26'!H14 -> 0 | N457: =IF(BD!$C457="","",IF(AND(TODAY()>BD!$C457,OR(BD!$D457="PENDENTE",BD!$D457="")),"VENCIDO","")) | O457: =IF(N457 = "VENCIDO",BD!$B457,"") | P457: =IF(N457 = "VENCIDO",BD!$C457,"") | Q457: =IF(N457 = "VENCIDO",BD!$E457,"") | R457: =IF(N457 = "VENCIDO",BD!$F457,"") | S457: =IF(N457 = "VENCIDO",BD!$G457,"") | T457: =IF(AND(TODAY()>BD!$C457, OR(BD!$D457="PENDENTE", BD!$D457="")), TODAY()-BD!$C457, "")
... B519: ='JUL-26'!A76 -> 0 | C519: ='JUL-26'!B76 -> 0 | D519: ='JUL-26'!C76 -> 0 | E519: ='JUL-26'!D76 -> 0 | F519: ='JUL-26'!E76 -> 0 | G519: ='JUL-26'!F76 -> 0 | H519: =IF(OR(D519 = "",D519="PENDENTE"), 0, IF(OR(D519<=C519,M519=1),G519,(G519*0.1966/100)*(D519-C519)+G519)) -> 0 | I519: JUL | J519: =IF(OR(D519="PENDENTE", D519=0, D519=""), "", UPPER(TEXT(D519, "mmm"))) | K519: =IF(OR(D519="PENDENTE", D519="", D519=0, D519=DATE(1900,1,0)), G519, 0) -> 0 | L519: =IF(K519>0, UPPER(TEXT(C519, "mmm")), "") | M519: ='JUL-26'!H76 -> 0 | N519: =IF(BD!$C519="","",IF(AND(TODAY()>BD!$C519,OR(BD!$D519="PENDENTE",BD!$D519="")),"VENCIDO","")) | O519: =IF(N519 = "VENCIDO",BD!$B519,"") | P519: =IF(N519 = "VENCIDO",BD!$C519,"") | Q519: =IF(N519 = "VENCIDO",BD!$E519,"") | R519: =IF(N519 = "VENCIDO",BD!$F519,"") | S519: =IF(N519 = "VENCIDO",BD!$G519,"") | T519: =IF(AND(TODAY()>BD!$C519, OR(BD!$D519="PENDENTE", BD!$D519="")), TODAY()-BD!$C519, "")
B520: ='AGO-26'!A3 -> 0 | C520: ='AGO-26'!B3 -> 0 | D520: ='AGO-26'!C3 -> 0 | E520: ='AGO-26'!D3 -> 0 | F520: ='AGO-26'!E3 -> 0 | G520: ='AGO-26'!F3 -> 0 | H520: =IF(OR(D520 = "",D520="PENDENTE"), 0, IF(OR(D520<=C520,M520=1),G520,(G520*0.1966/100)*(D520-C520)+G520)) -> 0 | I520: AGO | J520: =IF(OR(D520="PENDENTE", D520=0, D520=""), "", UPPER(TEXT(D520, "mmm"))) | K520: =IF(OR(D520="PENDENTE", D520="", D520=0, D520=DATE(1900,1,0)), G520, 0) -> 0 | L520: =IF(K520>0, UPPER(TEXT(C520, "mmm")), "") | M520: ='AGO-26'!H3 -> 0 | N520: =IF(BD!$C520="","",IF(AND(TODAY()>BD!$C520,OR(BD!$D520="PENDENTE",BD!$D520="")),"VENCIDO","")) | O520: =IF(N520 = "VENCIDO",BD!$B520,"") | P520: =IF(N520 = "VENCIDO",BD!$C520,"") | Q520: =IF(N520 = "VENCIDO",BD!$E520,"") | R520: =IF(N520 = "VENCIDO",BD!$F520,"") | S520: =IF(N520 = "VENCIDO",BD!$G520,"") | T520: =IF(AND(TODAY()>BD!$C520, OR(BD!$D520="PENDENTE", BD!$D520="")), TODAY()-BD!$C520, "")
B521: ='AGO-26'!A4 -> 0 | C521: ='AGO-26'!B4 -> 0 | D521: ='AGO-26'!C4 -> 0 | E521: ='AGO-26'!D4 -> 0 | F521: ='AGO-26'!E4 -> 0 | G521: ='AGO-26'!F4 -> 0 | H521: =IF(OR(D521 = "",D521="PENDENTE"), 0, IF(OR(D521<=C521,M521=1),G521,(G521*0.1966/100)*(D521-C521)+G521)) -> 0 | I521: AGO | J521: =IF(OR(D521="PENDENTE", D521=0, D521=""), "", UPPER(TEXT(D521, "mmm"))) | K521: =IF(OR(D521="PENDENTE", D521="", D521=0, D521=DATE(1900,1,0)), G521, 0) -> 0 | L521: =IF(K521>0, UPPER(TEXT(C521, "mmm")), "") | M521: ='AGO-26'!H4 -> 0 | N521: =IF(BD!$C521="","",IF(AND(TODAY()>BD!$C521,OR(BD!$D521="PENDENTE",BD!$D521="")),"VENCIDO","")) | O521: =IF(N521 = "VENCIDO",BD!$B521,"") | P521: =IF(N521 = "VENCIDO",BD!$C521,"") | Q521: =IF(N521 = "VENCIDO",BD!$E521,"") | R521: =IF(N521 = "VENCIDO",BD!$F521,"") | S521: =IF(N521 = "VENCIDO",BD!$G521,"") | T521: =IF(AND(TODAY()>BD!$C521, OR(BD!$D521="PENDENTE", BD!$D521="")), TODAY()-BD!$C521, "")
B522: ='AGO-26'!A5 -> 0 | C522: ='AGO-26'!B5 -> 0 | D522: ='AGO-26'!C5 -> 0 | E522: ='AGO-26'!D5 -> 0 | F522: ='AGO-26'!E5 -> 0 | G522: ='AGO-26'!F5 -> 0 | H522: =IF(OR(D522 = "",D522="PENDENTE"), 0, IF(OR(D522<=C522,M522=1),G522,(G522*0.1966/100)*(D522-C522)+G522)) -> 0 | I522: AGO | J522: =IF(OR(D522="PENDENTE", D522=0, D522=""), "", UPPER(TEXT(D522, "mmm"))) | K522: =IF(OR(D522="PENDENTE", D522="", D522=0, D522=DATE(1900,1,0)), G522, 0) -> 0 | L522: =IF(K522>0, UPPER(TEXT(C522, "mmm")), "") | M522: ='AGO-26'!H5 -> 0 | N522: =IF(BD!$C522="","",IF(AND(TODAY()>BD!$C522,OR(BD!$D522="PENDENTE",BD!$D522="")),"VENCIDO","")) | O522: =IF(N522 = "VENCIDO",BD!$B522,"") | P522: =IF(N522 = "VENCIDO",BD!$C522,"") | Q522: =IF(N522 = "VENCIDO",BD!$E522,"") | R522: =IF(N522 = "VENCIDO",BD!$F522,"") | S522: =IF(N522 = "VENCIDO",BD!$G522,"") | T522: =IF(AND(TODAY()>BD!$C522, OR(BD!$D522="PENDENTE", BD!$D522="")), TODAY()-BD!$C522, "")
B523: ='AGO-26'!A6 -> 0 | C523: ='AGO-26'!B6 -> 0 | D523: ='AGO-26'!C6 -> 0 | E523: ='AGO-26'!D6 -> 0 | F523: ='AGO-26'!E6 -> 0 | G523: ='AGO-26'!F6 -> 0 | H523: =IF(OR(D523 = "",D523="PENDENTE"), 0, IF(OR(D523<=C523,M523=1),G523,(G523*0.1966/100)*(D523-C523)+G523)) -> 0 | I523: AGO | J523: =IF(OR(D523="PENDENTE", D523=0, D523=""), "", UPPER(TEXT(D523, "mmm"))) | K523: =IF(OR(D523="PENDENTE", D523="", D523=0, D523=DATE(1900,1,0)), G523, 0) -> 0 | L523: =IF(K523>0, UPPER(TEXT(C523, "mmm")), "") | M523: ='AGO-26'!H6 -> 0 | N523: =IF(BD!$C523="","",IF(AND(TODAY()>BD!$C523,OR(BD!$D523="PENDENTE",BD!$D523="")),"VENCIDO","")) | O523: =IF(N523 = "VENCIDO",BD!$B523,"") | P523: =IF(N523 = "VENCIDO",BD!$C523,"") | Q523: =IF(N523 = "VENCIDO",BD!$E523,"") | R523: =IF(N523 = "VENCIDO",BD!$F523,"") | S523: =IF(N523 = "VENCIDO",BD!$G523,"") | T523: =IF(AND(TODAY()>BD!$C523, OR(BD!$D523="PENDENTE", BD!$D523="")), TODAY()-BD!$C523, "")
B524: ='AGO-26'!A7 -> 0 | C524: ='AGO-26'!B7 -> 0 | D524: ='AGO-26'!C7 -> 0 | E524: ='AGO-26'!D7 -> 0 | F524: ='AGO-26'!E7 -> 0 | G524: ='AGO-26'!F7 -> 0 | H524: =IF(OR(D524 = "",D524="PENDENTE"), 0, IF(OR(D524<=C524,M524=1),G524,(G524*0.1966/100)*(D524-C524)+G524)) -> 0 | I524: AGO | J524: =IF(OR(D524="PENDENTE", D524=0, D524=""), "", UPPER(TEXT(D524, "mmm"))) | K524: =IF(OR(D524="PENDENTE", D524="", D524=0, D524=DATE(1900,1,0)), G524, 0) -> 0 | L524: =IF(K524>0, UPPER(TEXT(C524, "mmm")), "") | M524: ='AGO-26'!H7 -> 0 | N524: =IF(BD!$C524="","",IF(AND(TODAY()>BD!$C524,OR(BD!$D524="PENDENTE",BD!$D524="")),"VENCIDO","")) | O524: =IF(N524 = "VENCIDO",BD!$B524,"") | P524: =IF(N524 = "VENCIDO",BD!$C524,"") | Q524: =IF(N524 = "VENCIDO",BD!$E524,"") | R524: =IF(N524 = "VENCIDO",BD!$F524,"") | S524: =IF(N524 = "VENCIDO",BD!$G524,"") | T524: =IF(AND(TODAY()>BD!$C524, OR(BD!$D524="PENDENTE", BD!$D524="")), TODAY()-BD!$C524, "")
B525: ='AGO-26'!A8 -> 0 | C525: ='AGO-26'!B8 -> 0 | D525: ='AGO-26'!C8 -> 0 | E525: ='AGO-26'!D8 -> 0 | F525: ='AGO-26'!E8 -> 0 | G525: ='AGO-26'!F8 -> 0 | H525: =IF(OR(D525 = "",D525="PENDENTE"), 0, IF(OR(D525<=C525,M525=1),G525,(G525*0.1966/100)*(D525-C525)+G525)) -> 0 | I525: AGO | J525: =IF(OR(D525="PENDENTE", D525=0, D525=""), "", UPPER(TEXT(D525, "mmm"))) | K525: =IF(OR(D525="PENDENTE", D525="", D525=0, D525=DATE(1900,1,0)), G525, 0) -> 0 | L525: =IF(K525>0, UPPER(TEXT(C525, "mmm")), "") | M525: ='AGO-26'!H8 -> 0 | N525: =IF(BD!$C525="","",IF(AND(TODAY()>BD!$C525,OR(BD!$D525="PENDENTE",BD!$D525="")),"VENCIDO","")) | O525: =IF(N525 = "VENCIDO",BD!$B525,"") | P525: =IF(N525 = "VENCIDO",BD!$C525,"") | Q525: =IF(N525 = "VENCIDO",BD!$E525,"") | R525: =IF(N525 = "VENCIDO",BD!$F525,"") | S525: =IF(N525 = "VENCIDO",BD!$G525,"") | T525: =IF(AND(TODAY()>BD!$C525, OR(BD!$D525="PENDENTE", BD!$D525="")), TODAY()-BD!$C525, "")
B526: ='AGO-26'!A9 -> 0 | C526: ='AGO-26'!B9 -> 0 | D526: ='AGO-26'!C9 -> 0 | E526: ='AGO-26'!D9 -> 0 | F526: ='AGO-26'!E9 -> 0 | G526: ='AGO-26'!F9 -> 0 | H526: =IF(OR(D526 = "",D526="PENDENTE"), 0, IF(OR(D526<=C526,M526=1),G526,(G526*0.1966/100)*(D526-C526)+G526)) -> 0 | I526: AGO | J526: =IF(OR(D526="PENDENTE", D526=0, D526=""), "", UPPER(TEXT(D526, "mmm"))) | K526: =IF(OR(D526="PENDENTE", D526="", D526=0, D526=DATE(1900,1,0)), G526, 0) -> 0 | L526: =IF(K526>0, UPPER(TEXT(C526, "mmm")), "") | M526: ='AGO-26'!H9 -> 0 | N526: =IF(BD!$C526="","",IF(AND(TODAY()>BD!$C526,OR(BD!$D526="PENDENTE",BD!$D526="")),"VENCIDO","")) | O526: =IF(N526 = "VENCIDO",BD!$B526,"") | P526: =IF(N526 = "VENCIDO",BD!$C526,"") | Q526: =IF(N526 = "VENCIDO",BD!$E526,"") | R526: =IF(N526 = "VENCIDO",BD!$F526,"") | S526: =IF(N526 = "VENCIDO",BD!$G526,"") | T526: =IF(AND(TODAY()>BD!$C526, OR(BD!$D526="PENDENTE", BD!$D526="")), TODAY()-BD!$C526, "")
B527: ='AGO-26'!A10 -> 0 | C527: ='AGO-26'!B10 -> 0 | D527: ='AGO-26'!C10 -> 0 | E527: ='AGO-26'!D10 -> 0 | F527: ='AGO-26'!E10 -> 0 | G527: ='AGO-26'!F10 -> 0 | H527: =IF(OR(D527 = "",D527="PENDENTE"), 0, IF(OR(D527<=C527,M527=1),G527,(G527*0.1966/100)*(D527-C527)+G527)) -> 0 | I527: AGO | J527: =IF(OR(D527="PENDENTE", D527=0, D527=""), "", UPPER(TEXT(D527, "mmm"))) | K527: =IF(OR(D527="PENDENTE", D527="", D527=0, D527=DATE(1900,1,0)), G527, 0) -> 0 | L527: =IF(K527>0, UPPER(TEXT(C527, "mmm")), "") | M527: ='AGO-26'!H10 -> 0 | N527: =IF(BD!$C527="","",IF(AND(TODAY()>BD!$C527,OR(BD!$D527="PENDENTE",BD!$D527="")),"VENCIDO","")) | O527: =IF(N527 = "VENCIDO",BD!$B527,"") | P527: =IF(N527 = "VENCIDO",BD!$C527,"") | Q527: =IF(N527 = "VENCIDO",BD!$E527,"") | R527: =IF(N527 = "VENCIDO",BD!$F527,"") | S527: =IF(N527 = "VENCIDO",BD!$G527,"") | T527: =IF(AND(TODAY()>BD!$C527, OR(BD!$D527="PENDENTE", BD!$D527="")), TODAY()-BD!$C527, "")
...
